mitigation,thresh_type,cache_only,tRH,flat_thresh,dynamic_thresh,trace,core_id,pN_key,pN_val
Dummy,NONE,False,0,0,0.0,437.leslie3d,0,0,49
Dummy,NONE,False,0,0,0.0,437.leslie3d,0,1,134
Dummy,NONE,False,0,0,0.0,437.leslie3d,0,2,134
Dummy,NONE,False,0,0,0.0,437.leslie3d,0,3,134
Dummy,NONE,False,0,0,0.0,437.leslie3d,0,4,134
Dummy,NONE,False,0,0,0.0,437.leslie3d,0,5,134
Dummy,NONE,False,0,0,0.0,437.leslie3d,0,6,134
Dummy,NONE,False,0,0,0.0,437.leslie3d,0,7,134
Dummy,NONE,False,0,0,0.0,437.leslie3d,0,8,134
Dummy,NONE,False,0,0,0.0,437.leslie3d,0,9,134
Dummy,NONE,False,0,0,0.0,437.leslie3d,0,10,134
Dummy,NONE,False,0,0,0.0,437.leslie3d,0,11,134
Dummy,NONE,False,0,0,0.0,437.leslie3d,0,12,134
Dummy,NONE,False,0,0,0.0,437.leslie3d,0,13,134
Dummy,NONE,False,0,0,0.0,437.leslie3d,0,14,134
Dummy,NONE,False,0,0,0.0,437.leslie3d,0,15,134
Dummy,NONE,False,0,0,0.0,437.leslie3d,0,16,134
Dummy,NONE,False,0,0,0.0,437.leslie3d,0,17,134
Dummy,NONE,False,0,0,0.0,437.leslie3d,0,18,134
Dummy,NONE,False,0,0,0.0,437.leslie3d,0,19,134
Dummy,NONE,False,0,0,0.0,437.leslie3d,0,20,134
Dummy,NONE,False,0,0,0.0,437.leslie3d,0,21,134
Dummy,NONE,False,0,0,0.0,437.leslie3d,0,22,139
Dummy,NONE,False,0,0,0.0,437.leslie3d,0,23,139
Dummy,NONE,False,0,0,0.0,437.leslie3d,0,24,139
Dummy,NONE,False,0,0,0.0,437.leslie3d,0,25,144
Dummy,NONE,False,0,0,0.0,437.leslie3d,0,26,144
Dummy,NONE,False,0,0,0.0,437.leslie3d,0,27,149
Dummy,NONE,False,0,0,0.0,437.leslie3d,0,28,149
Dummy,NONE,False,0,0,0.0,437.leslie3d,0,29,154
Dummy,NONE,False,0,0,0.0,437.leslie3d,0,30,154
Dummy,NONE,False,0,0,0.0,437.leslie3d,0,31,154
Dummy,NONE,False,0,0,0.0,437.leslie3d,0,32,159
Dummy,NONE,False,0,0,0.0,437.leslie3d,0,33,159
Dummy,NONE,False,0,0,0.0,437.leslie3d,0,34,159
Dummy,NONE,False,0,0,0.0,437.leslie3d,0,35,164
Dummy,NONE,False,0,0,0.0,437.leslie3d,0,36,164
Dummy,NONE,False,0,0,0.0,437.leslie3d,0,37,169
Dummy,NONE,False,0,0,0.0,437.leslie3d,0,38,169
Dummy,NONE,False,0,0,0.0,437.leslie3d,0,39,169
Dummy,NONE,False,0,0,0.0,437.leslie3d,0,40,169
Dummy,NONE,False,0,0,0.0,437.leslie3d,0,41,174
Dummy,NONE,False,0,0,0.0,437.leslie3d,0,42,184
Dummy,NONE,False,0,0,0.0,437.leslie3d,0,43,189
Dummy,NONE,False,0,0,0.0,437.leslie3d,0,44,199
Dummy,NONE,False,0,0,0.0,437.leslie3d,0,45,199
Dummy,NONE,False,0,0,0.0,437.leslie3d,0,46,199
Dummy,NONE,False,0,0,0.0,437.leslie3d,0,47,199
Dummy,NONE,False,0,0,0.0,437.leslie3d,0,48,199
Dummy,NONE,False,0,0,0.0,437.leslie3d,0,49,199
Dummy,NONE,False,0,0,0.0,437.leslie3d,0,50,204
Dummy,NONE,False,0,0,0.0,437.leslie3d,0,51,204
Dummy,NONE,False,0,0,0.0,437.leslie3d,0,52,209
Dummy,NONE,False,0,0,0.0,437.leslie3d,0,53,209
Dummy,NONE,False,0,0,0.0,437.leslie3d,0,54,214
Dummy,NONE,False,0,0,0.0,437.leslie3d,0,55,219
Dummy,NONE,False,0,0,0.0,437.leslie3d,0,56,224
Dummy,NONE,False,0,0,0.0,437.leslie3d,0,57,234
Dummy,NONE,False,0,0,0.0,437.leslie3d,0,58,234
Dummy,NONE,False,0,0,0.0,437.leslie3d,0,59,239
Dummy,NONE,False,0,0,0.0,437.leslie3d,0,60,249
Dummy,NONE,False,0,0,0.0,437.leslie3d,0,61,259
Dummy,NONE,False,0,0,0.0,437.leslie3d,0,62,264
Dummy,NONE,False,0,0,0.0,437.leslie3d,0,63,279
Dummy,NONE,False,0,0,0.0,437.leslie3d,0,64,294
Dummy,NONE,False,0,0,0.0,437.leslie3d,0,65,319
Dummy,NONE,False,0,0,0.0,437.leslie3d,0,66,339
Dummy,NONE,False,0,0,0.0,437.leslie3d,0,67,349
Dummy,NONE,False,0,0,0.0,437.leslie3d,0,68,374
Dummy,NONE,False,0,0,0.0,437.leslie3d,0,69,419
Dummy,NONE,False,0,0,0.0,437.leslie3d,0,70,454
Dummy,NONE,False,0,0,0.0,437.leslie3d,0,71,469
Dummy,NONE,False,0,0,0.0,437.leslie3d,0,72,489
Dummy,NONE,False,0,0,0.0,437.leslie3d,0,73,499
Dummy,NONE,False,0,0,0.0,437.leslie3d,0,74,499
Dummy,NONE,False,0,0,0.0,437.leslie3d,0,75,504
Dummy,NONE,False,0,0,0.0,437.leslie3d,0,76,509
Dummy,NONE,False,0,0,0.0,437.leslie3d,0,77,509
Dummy,NONE,False,0,0,0.0,437.leslie3d,0,78,514
Dummy,NONE,False,0,0,0.0,437.leslie3d,0,79,514
Dummy,NONE,False,0,0,0.0,437.leslie3d,0,80,514
Dummy,NONE,False,0,0,0.0,437.leslie3d,0,81,519
Dummy,NONE,False,0,0,0.0,437.leslie3d,0,82,529
Dummy,NONE,False,0,0,0.0,437.leslie3d,0,83,529
Dummy,NONE,False,0,0,0.0,437.leslie3d,0,84,529
Dummy,NONE,False,0,0,0.0,437.leslie3d,0,85,539
Dummy,NONE,False,0,0,0.0,437.leslie3d,0,86,544
Dummy,NONE,False,0,0,0.0,437.leslie3d,0,87,559
Dummy,NONE,False,0,0,0.0,437.leslie3d,0,88,579
Dummy,NONE,False,0,0,0.0,437.leslie3d,0,89,584
Dummy,NONE,False,0,0,0.0,437.leslie3d,0,90,589
Dummy,NONE,False,0,0,0.0,437.leslie3d,0,91,594
Dummy,NONE,False,0,0,0.0,437.leslie3d,0,92,599
Dummy,NONE,False,0,0,0.0,437.leslie3d,0,93,599
Dummy,NONE,False,0,0,0.0,437.leslie3d,0,94,609
Dummy,NONE,False,0,0,0.0,437.leslie3d,0,95,629
Dummy,NONE,False,0,0,0.0,437.leslie3d,0,96,639
Dummy,NONE,False,0,0,0.0,437.leslie3d,0,97,694
Dummy,NONE,False,0,0,0.0,437.leslie3d,0,98,1454
Dummy,NONE,False,0,0,0.0,437.leslie3d,0,99,1769
Dummy,NONE,False,0,0,0.0,437.leslie3d,0,100,2814
Dummy,NONE,False,0,0,0.0,482.sphinx3,0,0,49
Dummy,NONE,False,0,0,0.0,482.sphinx3,0,1,49
Dummy,NONE,False,0,0,0.0,482.sphinx3,0,2,49
Dummy,NONE,False,0,0,0.0,482.sphinx3,0,3,49
Dummy,NONE,False,0,0,0.0,482.sphinx3,0,4,49
Dummy,NONE,False,0,0,0.0,482.sphinx3,0,5,134
Dummy,NONE,False,0,0,0.0,482.sphinx3,0,6,134
Dummy,NONE,False,0,0,0.0,482.sphinx3,0,7,134
Dummy,NONE,False,0,0,0.0,482.sphinx3,0,8,134
Dummy,NONE,False,0,0,0.0,482.sphinx3,0,9,134
Dummy,NONE,False,0,0,0.0,482.sphinx3,0,10,134
Dummy,NONE,False,0,0,0.0,482.sphinx3,0,11,134
Dummy,NONE,False,0,0,0.0,482.sphinx3,0,12,134
Dummy,NONE,False,0,0,0.0,482.sphinx3,0,13,134
Dummy,NONE,False,0,0,0.0,482.sphinx3,0,14,134
Dummy,NONE,False,0,0,0.0,482.sphinx3,0,15,134
Dummy,NONE,False,0,0,0.0,482.sphinx3,0,16,134
Dummy,NONE,False,0,0,0.0,482.sphinx3,0,17,134
Dummy,NONE,False,0,0,0.0,482.sphinx3,0,18,134
Dummy,NONE,False,0,0,0.0,482.sphinx3,0,19,134
Dummy,NONE,False,0,0,0.0,482.sphinx3,0,20,134
Dummy,NONE,False,0,0,0.0,482.sphinx3,0,21,134
Dummy,NONE,False,0,0,0.0,482.sphinx3,0,22,134
Dummy,NONE,False,0,0,0.0,482.sphinx3,0,23,134
Dummy,NONE,False,0,0,0.0,482.sphinx3,0,24,134
Dummy,NONE,False,0,0,0.0,482.sphinx3,0,25,134
Dummy,NONE,False,0,0,0.0,482.sphinx3,0,26,134
Dummy,NONE,False,0,0,0.0,482.sphinx3,0,27,134
Dummy,NONE,False,0,0,0.0,482.sphinx3,0,28,134
Dummy,NONE,False,0,0,0.0,482.sphinx3,0,29,134
Dummy,NONE,False,0,0,0.0,482.sphinx3,0,30,134
Dummy,NONE,False,0,0,0.0,482.sphinx3,0,31,134
Dummy,NONE,False,0,0,0.0,482.sphinx3,0,32,134
Dummy,NONE,False,0,0,0.0,482.sphinx3,0,33,139
Dummy,NONE,False,0,0,0.0,482.sphinx3,0,34,139
Dummy,NONE,False,0,0,0.0,482.sphinx3,0,35,144
Dummy,NONE,False,0,0,0.0,482.sphinx3,0,36,149
Dummy,NONE,False,0,0,0.0,482.sphinx3,0,37,154
Dummy,NONE,False,0,0,0.0,482.sphinx3,0,38,154
Dummy,NONE,False,0,0,0.0,482.sphinx3,0,39,154
Dummy,NONE,False,0,0,0.0,482.sphinx3,0,40,154
Dummy,NONE,False,0,0,0.0,482.sphinx3,0,41,154
Dummy,NONE,False,0,0,0.0,482.sphinx3,0,42,154
Dummy,NONE,False,0,0,0.0,482.sphinx3,0,43,154
Dummy,NONE,False,0,0,0.0,482.sphinx3,0,44,159
Dummy,NONE,False,0,0,0.0,482.sphinx3,0,45,159
Dummy,NONE,False,0,0,0.0,482.sphinx3,0,46,159
Dummy,NONE,False,0,0,0.0,482.sphinx3,0,47,159
Dummy,NONE,False,0,0,0.0,482.sphinx3,0,48,159
Dummy,NONE,False,0,0,0.0,482.sphinx3,0,49,159
Dummy,NONE,False,0,0,0.0,482.sphinx3,0,50,159
Dummy,NONE,False,0,0,0.0,482.sphinx3,0,51,164
Dummy,NONE,False,0,0,0.0,482.sphinx3,0,52,164
Dummy,NONE,False,0,0,0.0,482.sphinx3,0,53,169
Dummy,NONE,False,0,0,0.0,482.sphinx3,0,54,169
Dummy,NONE,False,0,0,0.0,482.sphinx3,0,55,169
Dummy,NONE,False,0,0,0.0,482.sphinx3,0,56,169
Dummy,NONE,False,0,0,0.0,482.sphinx3,0,57,169
Dummy,NONE,False,0,0,0.0,482.sphinx3,0,58,174
Dummy,NONE,False,0,0,0.0,482.sphinx3,0,59,179
Dummy,NONE,False,0,0,0.0,482.sphinx3,0,60,184
Dummy,NONE,False,0,0,0.0,482.sphinx3,0,61,189
Dummy,NONE,False,0,0,0.0,482.sphinx3,0,62,199
Dummy,NONE,False,0,0,0.0,482.sphinx3,0,63,199
Dummy,NONE,False,0,0,0.0,482.sphinx3,0,64,199
Dummy,NONE,False,0,0,0.0,482.sphinx3,0,65,199
Dummy,NONE,False,0,0,0.0,482.sphinx3,0,66,199
Dummy,NONE,False,0,0,0.0,482.sphinx3,0,67,199
Dummy,NONE,False,0,0,0.0,482.sphinx3,0,68,199
Dummy,NONE,False,0,0,0.0,482.sphinx3,0,69,199
Dummy,NONE,False,0,0,0.0,482.sphinx3,0,70,199
Dummy,NONE,False,0,0,0.0,482.sphinx3,0,71,199
Dummy,NONE,False,0,0,0.0,482.sphinx3,0,72,199
Dummy,NONE,False,0,0,0.0,482.sphinx3,0,73,204
Dummy,NONE,False,0,0,0.0,482.sphinx3,0,74,204
Dummy,NONE,False,0,0,0.0,482.sphinx3,0,75,209
Dummy,NONE,False,0,0,0.0,482.sphinx3,0,76,214
Dummy,NONE,False,0,0,0.0,482.sphinx3,0,77,219
Dummy,NONE,False,0,0,0.0,482.sphinx3,0,78,219
Dummy,NONE,False,0,0,0.0,482.sphinx3,0,79,219
Dummy,NONE,False,0,0,0.0,482.sphinx3,0,80,219
Dummy,NONE,False,0,0,0.0,482.sphinx3,0,81,224
Dummy,NONE,False,0,0,0.0,482.sphinx3,0,82,224
Dummy,NONE,False,0,0,0.0,482.sphinx3,0,83,224
Dummy,NONE,False,0,0,0.0,482.sphinx3,0,84,234
Dummy,NONE,False,0,0,0.0,482.sphinx3,0,85,239
Dummy,NONE,False,0,0,0.0,482.sphinx3,0,86,249
Dummy,NONE,False,0,0,0.0,482.sphinx3,0,87,264
Dummy,NONE,False,0,0,0.0,482.sphinx3,0,88,264
Dummy,NONE,False,0,0,0.0,482.sphinx3,0,89,269
Dummy,NONE,False,0,0,0.0,482.sphinx3,0,90,274
Dummy,NONE,False,0,0,0.0,482.sphinx3,0,91,279
Dummy,NONE,False,0,0,0.0,482.sphinx3,0,92,294
Dummy,NONE,False,0,0,0.0,482.sphinx3,0,93,309
Dummy,NONE,False,0,0,0.0,482.sphinx3,0,94,364
Dummy,NONE,False,0,0,0.0,482.sphinx3,0,95,459
Dummy,NONE,False,0,0,0.0,482.sphinx3,0,96,504
Dummy,NONE,False,0,0,0.0,482.sphinx3,0,97,534
Dummy,NONE,False,0,0,0.0,482.sphinx3,0,98,674
Dummy,NONE,False,0,0,0.0,482.sphinx3,0,99,1469
Dummy,NONE,False,0,0,0.0,482.sphinx3,0,100,2244
Dummy,NONE,False,0,0,0.0,atk1.trace,0,0,49
Dummy,NONE,False,0,0,0.0,atk1.trace,0,1,49
Dummy,NONE,False,0,0,0.0,atk1.trace,0,2,49
Dummy,NONE,False,0,0,0.0,atk1.trace,0,3,49
Dummy,NONE,False,0,0,0.0,atk1.trace,0,4,49
Dummy,NONE,False,0,0,0.0,atk1.trace,0,5,49
Dummy,NONE,False,0,0,0.0,atk1.trace,0,6,49
Dummy,NONE,False,0,0,0.0,atk1.trace,0,7,49
Dummy,NONE,False,0,0,0.0,atk1.trace,0,8,49
Dummy,NONE,False,0,0,0.0,atk1.trace,0,9,49
Dummy,NONE,False,0,0,0.0,atk1.trace,0,10,49
Dummy,NONE,False,0,0,0.0,atk1.trace,0,11,49
Dummy,NONE,False,0,0,0.0,atk1.trace,0,12,49
Dummy,NONE,False,0,0,0.0,atk1.trace,0,13,49
Dummy,NONE,False,0,0,0.0,atk1.trace,0,14,49
Dummy,NONE,False,0,0,0.0,atk1.trace,0,15,49
Dummy,NONE,False,0,0,0.0,atk1.trace,0,16,49
Dummy,NONE,False,0,0,0.0,atk1.trace,0,17,49
Dummy,NONE,False,0,0,0.0,atk1.trace,0,18,49
Dummy,NONE,False,0,0,0.0,atk1.trace,0,19,49
Dummy,NONE,False,0,0,0.0,atk1.trace,0,20,49
Dummy,NONE,False,0,0,0.0,atk1.trace,0,21,49
Dummy,NONE,False,0,0,0.0,atk1.trace,0,22,49
Dummy,NONE,False,0,0,0.0,atk1.trace,0,23,49
Dummy,NONE,False,0,0,0.0,atk1.trace,0,24,49
Dummy,NONE,False,0,0,0.0,atk1.trace,0,25,49
Dummy,NONE,False,0,0,0.0,atk1.trace,0,26,49
Dummy,NONE,False,0,0,0.0,atk1.trace,0,27,49
Dummy,NONE,False,0,0,0.0,atk1.trace,0,28,49
Dummy,NONE,False,0,0,0.0,atk1.trace,0,29,49
Dummy,NONE,False,0,0,0.0,atk1.trace,0,30,49
Dummy,NONE,False,0,0,0.0,atk1.trace,0,31,49
Dummy,NONE,False,0,0,0.0,atk1.trace,0,32,49
Dummy,NONE,False,0,0,0.0,atk1.trace,0,33,49
Dummy,NONE,False,0,0,0.0,atk1.trace,0,34,49
Dummy,NONE,False,0,0,0.0,atk1.trace,0,35,49
Dummy,NONE,False,0,0,0.0,atk1.trace,0,36,49
Dummy,NONE,False,0,0,0.0,atk1.trace,0,37,49
Dummy,NONE,False,0,0,0.0,atk1.trace,0,38,49
Dummy,NONE,False,0,0,0.0,atk1.trace,0,39,49
Dummy,NONE,False,0,0,0.0,atk1.trace,0,40,49
Dummy,NONE,False,0,0,0.0,atk1.trace,0,41,49
Dummy,NONE,False,0,0,0.0,atk1.trace,0,42,49
Dummy,NONE,False,0,0,0.0,atk1.trace,0,43,49
Dummy,NONE,False,0,0,0.0,atk1.trace,0,44,49
Dummy,NONE,False,0,0,0.0,atk1.trace,0,45,49
Dummy,NONE,False,0,0,0.0,atk1.trace,0,46,49
Dummy,NONE,False,0,0,0.0,atk1.trace,0,47,49
Dummy,NONE,False,0,0,0.0,atk1.trace,0,48,49
Dummy,NONE,False,0,0,0.0,atk1.trace,0,49,49
Dummy,NONE,False,0,0,0.0,atk1.trace,0,50,49
Dummy,NONE,False,0,0,0.0,atk1.trace,0,51,49
Dummy,NONE,False,0,0,0.0,atk1.trace,0,52,49
Dummy,NONE,False,0,0,0.0,atk1.trace,0,53,49
Dummy,NONE,False,0,0,0.0,atk1.trace,0,54,49
Dummy,NONE,False,0,0,0.0,atk1.trace,0,55,49
Dummy,NONE,False,0,0,0.0,atk1.trace,0,56,49
Dummy,NONE,False,0,0,0.0,atk1.trace,0,57,49
Dummy,NONE,False,0,0,0.0,atk1.trace,0,58,49
Dummy,NONE,False,0,0,0.0,atk1.trace,0,59,49
Dummy,NONE,False,0,0,0.0,atk1.trace,0,60,49
Dummy,NONE,False,0,0,0.0,atk1.trace,0,61,49
Dummy,NONE,False,0,0,0.0,atk1.trace,0,62,49
Dummy,NONE,False,0,0,0.0,atk1.trace,0,63,49
Dummy,NONE,False,0,0,0.0,atk1.trace,0,64,49
Dummy,NONE,False,0,0,0.0,atk1.trace,0,65,49
Dummy,NONE,False,0,0,0.0,atk1.trace,0,66,49
Dummy,NONE,False,0,0,0.0,atk1.trace,0,67,49
Dummy,NONE,False,0,0,0.0,atk1.trace,0,68,49
Dummy,NONE,False,0,0,0.0,atk1.trace,0,69,49
Dummy,NONE,False,0,0,0.0,atk1.trace,0,70,49
Dummy,NONE,False,0,0,0.0,atk1.trace,0,71,49
Dummy,NONE,False,0,0,0.0,atk1.trace,0,72,49
Dummy,NONE,False,0,0,0.0,atk1.trace,0,73,49
Dummy,NONE,False,0,0,0.0,atk1.trace,0,74,49
Dummy,NONE,False,0,0,0.0,atk1.trace,0,75,49
Dummy,NONE,False,0,0,0.0,atk1.trace,0,76,49
Dummy,NONE,False,0,0,0.0,atk1.trace,0,77,49
Dummy,NONE,False,0,0,0.0,atk1.trace,0,78,49
Dummy,NONE,False,0,0,0.0,atk1.trace,0,79,49
Dummy,NONE,False,0,0,0.0,atk1.trace,0,80,49
Dummy,NONE,False,0,0,0.0,atk1.trace,0,81,49
Dummy,NONE,False,0,0,0.0,atk1.trace,0,82,49
Dummy,NONE,False,0,0,0.0,atk1.trace,0,83,49
Dummy,NONE,False,0,0,0.0,atk1.trace,0,84,49
Dummy,NONE,False,0,0,0.0,atk1.trace,0,85,49
Dummy,NONE,False,0,0,0.0,atk1.trace,0,86,49
Dummy,NONE,False,0,0,0.0,atk1.trace,0,87,49
Dummy,NONE,False,0,0,0.0,atk1.trace,0,88,49
Dummy,NONE,False,0,0,0.0,atk1.trace,0,89,49
Dummy,NONE,False,0,0,0.0,atk1.trace,0,90,49
Dummy,NONE,False,0,0,0.0,atk1.trace,0,91,49
Dummy,NONE,False,0,0,0.0,atk1.trace,0,92,49
Dummy,NONE,False,0,0,0.0,atk1.trace,0,93,49
Dummy,NONE,False,0,0,0.0,atk1.trace,0,94,49
Dummy,NONE,False,0,0,0.0,atk1.trace,0,95,49
Dummy,NONE,False,0,0,0.0,atk1.trace,0,96,49
Dummy,NONE,False,0,0,0.0,atk1.trace,0,97,49
Dummy,NONE,False,0,0,0.0,atk1.trace,0,98,49
Dummy,NONE,False,0,0,0.0,atk1.trace,0,99,49
Dummy,NONE,False,0,0,0.0,atk1.trace,0,100,829
Dummy,NONE,False,0,0,0.0,519.lbm,0,0,49
Dummy,NONE,False,0,0,0.0,519.lbm,0,1,49
Dummy,NONE,False,0,0,0.0,519.lbm,0,2,49
Dummy,NONE,False,0,0,0.0,519.lbm,0,3,49
Dummy,NONE,False,0,0,0.0,519.lbm,0,4,49
Dummy,NONE,False,0,0,0.0,519.lbm,0,5,49
Dummy,NONE,False,0,0,0.0,519.lbm,0,6,49
Dummy,NONE,False,0,0,0.0,519.lbm,0,7,49
Dummy,NONE,False,0,0,0.0,519.lbm,0,8,49
Dummy,NONE,False,0,0,0.0,519.lbm,0,9,49
Dummy,NONE,False,0,0,0.0,519.lbm,0,10,49
Dummy,NONE,False,0,0,0.0,519.lbm,0,11,49
Dummy,NONE,False,0,0,0.0,519.lbm,0,12,49
Dummy,NONE,False,0,0,0.0,519.lbm,0,13,49
Dummy,NONE,False,0,0,0.0,519.lbm,0,14,49
Dummy,NONE,False,0,0,0.0,519.lbm,0,15,49
Dummy,NONE,False,0,0,0.0,519.lbm,0,16,49
Dummy,NONE,False,0,0,0.0,519.lbm,0,17,49
Dummy,NONE,False,0,0,0.0,519.lbm,0,18,49
Dummy,NONE,False,0,0,0.0,519.lbm,0,19,49
Dummy,NONE,False,0,0,0.0,519.lbm,0,20,49
Dummy,NONE,False,0,0,0.0,519.lbm,0,21,49
Dummy,NONE,False,0,0,0.0,519.lbm,0,22,49
Dummy,NONE,False,0,0,0.0,519.lbm,0,23,49
Dummy,NONE,False,0,0,0.0,519.lbm,0,24,49
Dummy,NONE,False,0,0,0.0,519.lbm,0,25,49
Dummy,NONE,False,0,0,0.0,519.lbm,0,26,49
Dummy,NONE,False,0,0,0.0,519.lbm,0,27,49
Dummy,NONE,False,0,0,0.0,519.lbm,0,28,49
Dummy,NONE,False,0,0,0.0,519.lbm,0,29,49
Dummy,NONE,False,0,0,0.0,519.lbm,0,30,49
Dummy,NONE,False,0,0,0.0,519.lbm,0,31,49
Dummy,NONE,False,0,0,0.0,519.lbm,0,32,49
Dummy,NONE,False,0,0,0.0,519.lbm,0,33,49
Dummy,NONE,False,0,0,0.0,519.lbm,0,34,49
Dummy,NONE,False,0,0,0.0,519.lbm,0,35,49
Dummy,NONE,False,0,0,0.0,519.lbm,0,36,49
Dummy,NONE,False,0,0,0.0,519.lbm,0,37,49
Dummy,NONE,False,0,0,0.0,519.lbm,0,38,49
Dummy,NONE,False,0,0,0.0,519.lbm,0,39,49
Dummy,NONE,False,0,0,0.0,519.lbm,0,40,134
Dummy,NONE,False,0,0,0.0,519.lbm,0,41,134
Dummy,NONE,False,0,0,0.0,519.lbm,0,42,134
Dummy,NONE,False,0,0,0.0,519.lbm,0,43,134
Dummy,NONE,False,0,0,0.0,519.lbm,0,44,139
Dummy,NONE,False,0,0,0.0,519.lbm,0,45,144
Dummy,NONE,False,0,0,0.0,519.lbm,0,46,154
Dummy,NONE,False,0,0,0.0,519.lbm,0,47,159
Dummy,NONE,False,0,0,0.0,519.lbm,0,48,164
Dummy,NONE,False,0,0,0.0,519.lbm,0,49,174
Dummy,NONE,False,0,0,0.0,519.lbm,0,50,184
Dummy,NONE,False,0,0,0.0,519.lbm,0,51,194
Dummy,NONE,False,0,0,0.0,519.lbm,0,52,199
Dummy,NONE,False,0,0,0.0,519.lbm,0,53,199
Dummy,NONE,False,0,0,0.0,519.lbm,0,54,204
Dummy,NONE,False,0,0,0.0,519.lbm,0,55,209
Dummy,NONE,False,0,0,0.0,519.lbm,0,56,214
Dummy,NONE,False,0,0,0.0,519.lbm,0,57,219
Dummy,NONE,False,0,0,0.0,519.lbm,0,58,229
Dummy,NONE,False,0,0,0.0,519.lbm,0,59,234
Dummy,NONE,False,0,0,0.0,519.lbm,0,60,244
Dummy,NONE,False,0,0,0.0,519.lbm,0,61,254
Dummy,NONE,False,0,0,0.0,519.lbm,0,62,264
Dummy,NONE,False,0,0,0.0,519.lbm,0,63,264
Dummy,NONE,False,0,0,0.0,519.lbm,0,64,264
Dummy,NONE,False,0,0,0.0,519.lbm,0,65,264
Dummy,NONE,False,0,0,0.0,519.lbm,0,66,269
Dummy,NONE,False,0,0,0.0,519.lbm,0,67,274
Dummy,NONE,False,0,0,0.0,519.lbm,0,68,279
Dummy,NONE,False,0,0,0.0,519.lbm,0,69,279
Dummy,NONE,False,0,0,0.0,519.lbm,0,70,284
Dummy,NONE,False,0,0,0.0,519.lbm,0,71,289
Dummy,NONE,False,0,0,0.0,519.lbm,0,72,299
Dummy,NONE,False,0,0,0.0,519.lbm,0,73,304
Dummy,NONE,False,0,0,0.0,519.lbm,0,74,314
Dummy,NONE,False,0,0,0.0,519.lbm,0,75,319
Dummy,NONE,False,0,0,0.0,519.lbm,0,76,334
Dummy,NONE,False,0,0,0.0,519.lbm,0,77,339
Dummy,NONE,False,0,0,0.0,519.lbm,0,78,349
Dummy,NONE,False,0,0,0.0,519.lbm,0,79,359
Dummy,NONE,False,0,0,0.0,519.lbm,0,80,369
Dummy,NONE,False,0,0,0.0,519.lbm,0,81,379
Dummy,NONE,False,0,0,0.0,519.lbm,0,82,394
Dummy,NONE,False,0,0,0.0,519.lbm,0,83,404
Dummy,NONE,False,0,0,0.0,519.lbm,0,84,419
Dummy,NONE,False,0,0,0.0,519.lbm,0,85,429
Dummy,NONE,False,0,0,0.0,519.lbm,0,86,434
Dummy,NONE,False,0,0,0.0,519.lbm,0,87,444
Dummy,NONE,False,0,0,0.0,519.lbm,0,88,454
Dummy,NONE,False,0,0,0.0,519.lbm,0,89,464
Dummy,NONE,False,0,0,0.0,519.lbm,0,90,479
Dummy,NONE,False,0,0,0.0,519.lbm,0,91,494
Dummy,NONE,False,0,0,0.0,519.lbm,0,92,514
Dummy,NONE,False,0,0,0.0,519.lbm,0,93,544
Dummy,NONE,False,0,0,0.0,519.lbm,0,94,594
Dummy,NONE,False,0,0,0.0,519.lbm,0,95,649
Dummy,NONE,False,0,0,0.0,519.lbm,0,96,799
Dummy,NONE,False,0,0,0.0,519.lbm,0,97,1449
Dummy,NONE,False,0,0,0.0,519.lbm,0,98,1694
Dummy,NONE,False,0,0,0.0,519.lbm,0,99,1874
Dummy,NONE,False,0,0,0.0,519.lbm,0,100,4829
Dummy,NONE,False,0,0,0.0,549.fotonik3d,0,0,49
Dummy,NONE,False,0,0,0.0,549.fotonik3d,0,1,134
Dummy,NONE,False,0,0,0.0,549.fotonik3d,0,2,134
Dummy,NONE,False,0,0,0.0,549.fotonik3d,0,3,134
Dummy,NONE,False,0,0,0.0,549.fotonik3d,0,4,134
Dummy,NONE,False,0,0,0.0,549.fotonik3d,0,5,134
Dummy,NONE,False,0,0,0.0,549.fotonik3d,0,6,134
Dummy,NONE,False,0,0,0.0,549.fotonik3d,0,7,134
Dummy,NONE,False,0,0,0.0,549.fotonik3d,0,8,134
Dummy,NONE,False,0,0,0.0,549.fotonik3d,0,9,134
Dummy,NONE,False,0,0,0.0,549.fotonik3d,0,10,134
Dummy,NONE,False,0,0,0.0,549.fotonik3d,0,11,134
Dummy,NONE,False,0,0,0.0,549.fotonik3d,0,12,134
Dummy,NONE,False,0,0,0.0,549.fotonik3d,0,13,134
Dummy,NONE,False,0,0,0.0,549.fotonik3d,0,14,134
Dummy,NONE,False,0,0,0.0,549.fotonik3d,0,15,134
Dummy,NONE,False,0,0,0.0,549.fotonik3d,0,16,134
Dummy,NONE,False,0,0,0.0,549.fotonik3d,0,17,139
Dummy,NONE,False,0,0,0.0,549.fotonik3d,0,18,139
Dummy,NONE,False,0,0,0.0,549.fotonik3d,0,19,139
Dummy,NONE,False,0,0,0.0,549.fotonik3d,0,20,139
Dummy,NONE,False,0,0,0.0,549.fotonik3d,0,21,144
Dummy,NONE,False,0,0,0.0,549.fotonik3d,0,22,144
Dummy,NONE,False,0,0,0.0,549.fotonik3d,0,23,149
Dummy,NONE,False,0,0,0.0,549.fotonik3d,0,24,149
Dummy,NONE,False,0,0,0.0,549.fotonik3d,0,25,149
Dummy,NONE,False,0,0,0.0,549.fotonik3d,0,26,154
Dummy,NONE,False,0,0,0.0,549.fotonik3d,0,27,154
Dummy,NONE,False,0,0,0.0,549.fotonik3d,0,28,154
Dummy,NONE,False,0,0,0.0,549.fotonik3d,0,29,159
Dummy,NONE,False,0,0,0.0,549.fotonik3d,0,30,159
Dummy,NONE,False,0,0,0.0,549.fotonik3d,0,31,164
Dummy,NONE,False,0,0,0.0,549.fotonik3d,0,32,164
Dummy,NONE,False,0,0,0.0,549.fotonik3d,0,33,164
Dummy,NONE,False,0,0,0.0,549.fotonik3d,0,34,169
Dummy,NONE,False,0,0,0.0,549.fotonik3d,0,35,169
Dummy,NONE,False,0,0,0.0,549.fotonik3d,0,36,174
Dummy,NONE,False,0,0,0.0,549.fotonik3d,0,37,179
Dummy,NONE,False,0,0,0.0,549.fotonik3d,0,38,179
Dummy,NONE,False,0,0,0.0,549.fotonik3d,0,39,184
Dummy,NONE,False,0,0,0.0,549.fotonik3d,0,40,189
Dummy,NONE,False,0,0,0.0,549.fotonik3d,0,41,194
Dummy,NONE,False,0,0,0.0,549.fotonik3d,0,42,199
Dummy,NONE,False,0,0,0.0,549.fotonik3d,0,43,199
Dummy,NONE,False,0,0,0.0,549.fotonik3d,0,44,199
Dummy,NONE,False,0,0,0.0,549.fotonik3d,0,45,199
Dummy,NONE,False,0,0,0.0,549.fotonik3d,0,46,199
Dummy,NONE,False,0,0,0.0,549.fotonik3d,0,47,199
Dummy,NONE,False,0,0,0.0,549.fotonik3d,0,48,204
Dummy,NONE,False,0,0,0.0,549.fotonik3d,0,49,204
Dummy,NONE,False,0,0,0.0,549.fotonik3d,0,50,209
Dummy,NONE,False,0,0,0.0,549.fotonik3d,0,51,209
Dummy,NONE,False,0,0,0.0,549.fotonik3d,0,52,214
Dummy,NONE,False,0,0,0.0,549.fotonik3d,0,53,219
Dummy,NONE,False,0,0,0.0,549.fotonik3d,0,54,219
Dummy,NONE,False,0,0,0.0,549.fotonik3d,0,55,224
Dummy,NONE,False,0,0,0.0,549.fotonik3d,0,56,224
Dummy,NONE,False,0,0,0.0,549.fotonik3d,0,57,229
Dummy,NONE,False,0,0,0.0,549.fotonik3d,0,58,234
Dummy,NONE,False,0,0,0.0,549.fotonik3d,0,59,239
Dummy,NONE,False,0,0,0.0,549.fotonik3d,0,60,244
Dummy,NONE,False,0,0,0.0,549.fotonik3d,0,61,254
Dummy,NONE,False,0,0,0.0,549.fotonik3d,0,62,259
Dummy,NONE,False,0,0,0.0,549.fotonik3d,0,63,264
Dummy,NONE,False,0,0,0.0,549.fotonik3d,0,64,264
Dummy,NONE,False,0,0,0.0,549.fotonik3d,0,65,264
Dummy,NONE,False,0,0,0.0,549.fotonik3d,0,66,264
Dummy,NONE,False,0,0,0.0,549.fotonik3d,0,67,264
Dummy,NONE,False,0,0,0.0,549.fotonik3d,0,68,264
Dummy,NONE,False,0,0,0.0,549.fotonik3d,0,69,264
Dummy,NONE,False,0,0,0.0,549.fotonik3d,0,70,264
Dummy,NONE,False,0,0,0.0,549.fotonik3d,0,71,269
Dummy,NONE,False,0,0,0.0,549.fotonik3d,0,72,269
Dummy,NONE,False,0,0,0.0,549.fotonik3d,0,73,274
Dummy,NONE,False,0,0,0.0,549.fotonik3d,0,74,274
Dummy,NONE,False,0,0,0.0,549.fotonik3d,0,75,279
Dummy,NONE,False,0,0,0.0,549.fotonik3d,0,76,279
Dummy,NONE,False,0,0,0.0,549.fotonik3d,0,77,284
Dummy,NONE,False,0,0,0.0,549.fotonik3d,0,78,284
Dummy,NONE,False,0,0,0.0,549.fotonik3d,0,79,289
Dummy,NONE,False,0,0,0.0,549.fotonik3d,0,80,289
Dummy,NONE,False,0,0,0.0,549.fotonik3d,0,81,294
Dummy,NONE,False,0,0,0.0,549.fotonik3d,0,82,299
Dummy,NONE,False,0,0,0.0,549.fotonik3d,0,83,304
Dummy,NONE,False,0,0,0.0,549.fotonik3d,0,84,309
Dummy,NONE,False,0,0,0.0,549.fotonik3d,0,85,314
Dummy,NONE,False,0,0,0.0,549.fotonik3d,0,86,324
Dummy,NONE,False,0,0,0.0,549.fotonik3d,0,87,339
Dummy,NONE,False,0,0,0.0,549.fotonik3d,0,88,349
Dummy,NONE,False,0,0,0.0,549.fotonik3d,0,89,359
Dummy,NONE,False,0,0,0.0,549.fotonik3d,0,90,369
Dummy,NONE,False,0,0,0.0,549.fotonik3d,0,91,379
Dummy,NONE,False,0,0,0.0,549.fotonik3d,0,92,394
Dummy,NONE,False,0,0,0.0,549.fotonik3d,0,93,409
Dummy,NONE,False,0,0,0.0,549.fotonik3d,0,94,439
Dummy,NONE,False,0,0,0.0,549.fotonik3d,0,95,454
Dummy,NONE,False,0,0,0.0,549.fotonik3d,0,96,479
Dummy,NONE,False,0,0,0.0,549.fotonik3d,0,97,524
Dummy,NONE,False,0,0,0.0,549.fotonik3d,0,98,609
Dummy,NONE,False,0,0,0.0,549.fotonik3d,0,99,1559
Dummy,NONE,False,0,0,0.0,549.fotonik3d,0,100,2339
Dummy,NONE,False,0,0,0.0,510.parest,0,0,49
Dummy,NONE,False,0,0,0.0,510.parest,0,1,49
Dummy,NONE,False,0,0,0.0,510.parest,0,2,49
Dummy,NONE,False,0,0,0.0,510.parest,0,3,49
Dummy,NONE,False,0,0,0.0,510.parest,0,4,49
Dummy,NONE,False,0,0,0.0,510.parest,0,5,49
Dummy,NONE,False,0,0,0.0,510.parest,0,6,49
Dummy,NONE,False,0,0,0.0,510.parest,0,7,49
Dummy,NONE,False,0,0,0.0,510.parest,0,8,49
Dummy,NONE,False,0,0,0.0,510.parest,0,9,49
Dummy,NONE,False,0,0,0.0,510.parest,0,10,49
Dummy,NONE,False,0,0,0.0,510.parest,0,11,49
Dummy,NONE,False,0,0,0.0,510.parest,0,12,49
Dummy,NONE,False,0,0,0.0,510.parest,0,13,49
Dummy,NONE,False,0,0,0.0,510.parest,0,14,49
Dummy,NONE,False,0,0,0.0,510.parest,0,15,49
Dummy,NONE,False,0,0,0.0,510.parest,0,16,49
Dummy,NONE,False,0,0,0.0,510.parest,0,17,49
Dummy,NONE,False,0,0,0.0,510.parest,0,18,49
Dummy,NONE,False,0,0,0.0,510.parest,0,19,49
Dummy,NONE,False,0,0,0.0,510.parest,0,20,49
Dummy,NONE,False,0,0,0.0,510.parest,0,21,49
Dummy,NONE,False,0,0,0.0,510.parest,0,22,49
Dummy,NONE,False,0,0,0.0,510.parest,0,23,49
Dummy,NONE,False,0,0,0.0,510.parest,0,24,49
Dummy,NONE,False,0,0,0.0,510.parest,0,25,49
Dummy,NONE,False,0,0,0.0,510.parest,0,26,49
Dummy,NONE,False,0,0,0.0,510.parest,0,27,49
Dummy,NONE,False,0,0,0.0,510.parest,0,28,49
Dummy,NONE,False,0,0,0.0,510.parest,0,29,49
Dummy,NONE,False,0,0,0.0,510.parest,0,30,49
Dummy,NONE,False,0,0,0.0,510.parest,0,31,49
Dummy,NONE,False,0,0,0.0,510.parest,0,32,49
Dummy,NONE,False,0,0,0.0,510.parest,0,33,49
Dummy,NONE,False,0,0,0.0,510.parest,0,34,49
Dummy,NONE,False,0,0,0.0,510.parest,0,35,49
Dummy,NONE,False,0,0,0.0,510.parest,0,36,49
Dummy,NONE,False,0,0,0.0,510.parest,0,37,49
Dummy,NONE,False,0,0,0.0,510.parest,0,38,49
Dummy,NONE,False,0,0,0.0,510.parest,0,39,49
Dummy,NONE,False,0,0,0.0,510.parest,0,40,49
Dummy,NONE,False,0,0,0.0,510.parest,0,41,49
Dummy,NONE,False,0,0,0.0,510.parest,0,42,49
Dummy,NONE,False,0,0,0.0,510.parest,0,43,49
Dummy,NONE,False,0,0,0.0,510.parest,0,44,49
Dummy,NONE,False,0,0,0.0,510.parest,0,45,49
Dummy,NONE,False,0,0,0.0,510.parest,0,46,49
Dummy,NONE,False,0,0,0.0,510.parest,0,47,49
Dummy,NONE,False,0,0,0.0,510.parest,0,48,49
Dummy,NONE,False,0,0,0.0,510.parest,0,49,49
Dummy,NONE,False,0,0,0.0,510.parest,0,50,49
Dummy,NONE,False,0,0,0.0,510.parest,0,51,49
Dummy,NONE,False,0,0,0.0,510.parest,0,52,49
Dummy,NONE,False,0,0,0.0,510.parest,0,53,49
Dummy,NONE,False,0,0,0.0,510.parest,0,54,49
Dummy,NONE,False,0,0,0.0,510.parest,0,55,49
Dummy,NONE,False,0,0,0.0,510.parest,0,56,49
Dummy,NONE,False,0,0,0.0,510.parest,0,57,49
Dummy,NONE,False,0,0,0.0,510.parest,0,58,49
Dummy,NONE,False,0,0,0.0,510.parest,0,59,49
Dummy,NONE,False,0,0,0.0,510.parest,0,60,49
Dummy,NONE,False,0,0,0.0,510.parest,0,61,134
Dummy,NONE,False,0,0,0.0,510.parest,0,62,134
Dummy,NONE,False,0,0,0.0,510.parest,0,63,134
Dummy,NONE,False,0,0,0.0,510.parest,0,64,134
Dummy,NONE,False,0,0,0.0,510.parest,0,65,134
Dummy,NONE,False,0,0,0.0,510.parest,0,66,134
Dummy,NONE,False,0,0,0.0,510.parest,0,67,134
Dummy,NONE,False,0,0,0.0,510.parest,0,68,134
Dummy,NONE,False,0,0,0.0,510.parest,0,69,134
Dummy,NONE,False,0,0,0.0,510.parest,0,70,139
Dummy,NONE,False,0,0,0.0,510.parest,0,71,149
Dummy,NONE,False,0,0,0.0,510.parest,0,72,154
Dummy,NONE,False,0,0,0.0,510.parest,0,73,159
Dummy,NONE,False,0,0,0.0,510.parest,0,74,164
Dummy,NONE,False,0,0,0.0,510.parest,0,75,169
Dummy,NONE,False,0,0,0.0,510.parest,0,76,179
Dummy,NONE,False,0,0,0.0,510.parest,0,77,189
Dummy,NONE,False,0,0,0.0,510.parest,0,78,194
Dummy,NONE,False,0,0,0.0,510.parest,0,79,199
Dummy,NONE,False,0,0,0.0,510.parest,0,80,199
Dummy,NONE,False,0,0,0.0,510.parest,0,81,204
Dummy,NONE,False,0,0,0.0,510.parest,0,82,214
Dummy,NONE,False,0,0,0.0,510.parest,0,83,214
Dummy,NONE,False,0,0,0.0,510.parest,0,84,214
Dummy,NONE,False,0,0,0.0,510.parest,0,85,214
Dummy,NONE,False,0,0,0.0,510.parest,0,86,214
Dummy,NONE,False,0,0,0.0,510.parest,0,87,214
Dummy,NONE,False,0,0,0.0,510.parest,0,88,214
Dummy,NONE,False,0,0,0.0,510.parest,0,89,219
Dummy,NONE,False,0,0,0.0,510.parest,0,90,224
Dummy,NONE,False,0,0,0.0,510.parest,0,91,234
Dummy,NONE,False,0,0,0.0,510.parest,0,92,244
Dummy,NONE,False,0,0,0.0,510.parest,0,93,259
Dummy,NONE,False,0,0,0.0,510.parest,0,94,269
Dummy,NONE,False,0,0,0.0,510.parest,0,95,274
Dummy,NONE,False,0,0,0.0,510.parest,0,96,284
Dummy,NONE,False,0,0,0.0,510.parest,0,97,294
Dummy,NONE,False,0,0,0.0,510.parest,0,98,314
Dummy,NONE,False,0,0,0.0,510.parest,0,99,504
Dummy,NONE,False,0,0,0.0,510.parest,0,100,2649
Dummy,NONE,False,0,0,0.0,470.lbm,0,0,134
Dummy,NONE,False,0,0,0.0,470.lbm,0,1,134
Dummy,NONE,False,0,0,0.0,470.lbm,0,2,134
Dummy,NONE,False,0,0,0.0,470.lbm,0,3,144
Dummy,NONE,False,0,0,0.0,470.lbm,0,4,149
Dummy,NONE,False,0,0,0.0,470.lbm,0,5,154
Dummy,NONE,False,0,0,0.0,470.lbm,0,6,164
Dummy,NONE,False,0,0,0.0,470.lbm,0,7,164
Dummy,NONE,False,0,0,0.0,470.lbm,0,8,174
Dummy,NONE,False,0,0,0.0,470.lbm,0,9,179
Dummy,NONE,False,0,0,0.0,470.lbm,0,10,184
Dummy,NONE,False,0,0,0.0,470.lbm,0,11,194
Dummy,NONE,False,0,0,0.0,470.lbm,0,12,199
Dummy,NONE,False,0,0,0.0,470.lbm,0,13,204
Dummy,NONE,False,0,0,0.0,470.lbm,0,14,204
Dummy,NONE,False,0,0,0.0,470.lbm,0,15,209
Dummy,NONE,False,0,0,0.0,470.lbm,0,16,214
Dummy,NONE,False,0,0,0.0,470.lbm,0,17,219
Dummy,NONE,False,0,0,0.0,470.lbm,0,18,219
Dummy,NONE,False,0,0,0.0,470.lbm,0,19,224
Dummy,NONE,False,0,0,0.0,470.lbm,0,20,229
Dummy,NONE,False,0,0,0.0,470.lbm,0,21,234
Dummy,NONE,False,0,0,0.0,470.lbm,0,22,239
Dummy,NONE,False,0,0,0.0,470.lbm,0,23,244
Dummy,NONE,False,0,0,0.0,470.lbm,0,24,244
Dummy,NONE,False,0,0,0.0,470.lbm,0,25,249
Dummy,NONE,False,0,0,0.0,470.lbm,0,26,254
Dummy,NONE,False,0,0,0.0,470.lbm,0,27,259
Dummy,NONE,False,0,0,0.0,470.lbm,0,28,264
Dummy,NONE,False,0,0,0.0,470.lbm,0,29,269
Dummy,NONE,False,0,0,0.0,470.lbm,0,30,274
Dummy,NONE,False,0,0,0.0,470.lbm,0,31,274
Dummy,NONE,False,0,0,0.0,470.lbm,0,32,279
Dummy,NONE,False,0,0,0.0,470.lbm,0,33,284
Dummy,NONE,False,0,0,0.0,470.lbm,0,34,289
Dummy,NONE,False,0,0,0.0,470.lbm,0,35,294
Dummy,NONE,False,0,0,0.0,470.lbm,0,36,299
Dummy,NONE,False,0,0,0.0,470.lbm,0,37,309
Dummy,NONE,False,0,0,0.0,470.lbm,0,38,314
Dummy,NONE,False,0,0,0.0,470.lbm,0,39,324
Dummy,NONE,False,0,0,0.0,470.lbm,0,40,334
Dummy,NONE,False,0,0,0.0,470.lbm,0,41,349
Dummy,NONE,False,0,0,0.0,470.lbm,0,42,359
Dummy,NONE,False,0,0,0.0,470.lbm,0,43,374
Dummy,NONE,False,0,0,0.0,470.lbm,0,44,384
Dummy,NONE,False,0,0,0.0,470.lbm,0,45,394
Dummy,NONE,False,0,0,0.0,470.lbm,0,46,404
Dummy,NONE,False,0,0,0.0,470.lbm,0,47,414
Dummy,NONE,False,0,0,0.0,470.lbm,0,48,419
Dummy,NONE,False,0,0,0.0,470.lbm,0,49,429
Dummy,NONE,False,0,0,0.0,470.lbm,0,50,429
Dummy,NONE,False,0,0,0.0,470.lbm,0,51,434
Dummy,NONE,False,0,0,0.0,470.lbm,0,52,439
Dummy,NONE,False,0,0,0.0,470.lbm,0,53,444
Dummy,NONE,False,0,0,0.0,470.lbm,0,54,449
Dummy,NONE,False,0,0,0.0,470.lbm,0,55,454
Dummy,NONE,False,0,0,0.0,470.lbm,0,56,459
Dummy,NONE,False,0,0,0.0,470.lbm,0,57,459
Dummy,NONE,False,0,0,0.0,470.lbm,0,58,464
Dummy,NONE,False,0,0,0.0,470.lbm,0,59,469
Dummy,NONE,False,0,0,0.0,470.lbm,0,60,474
Dummy,NONE,False,0,0,0.0,470.lbm,0,61,479
Dummy,NONE,False,0,0,0.0,470.lbm,0,62,484
Dummy,NONE,False,0,0,0.0,470.lbm,0,63,489
Dummy,NONE,False,0,0,0.0,470.lbm,0,64,494
Dummy,NONE,False,0,0,0.0,470.lbm,0,65,499
Dummy,NONE,False,0,0,0.0,470.lbm,0,66,504
Dummy,NONE,False,0,0,0.0,470.lbm,0,67,514
Dummy,NONE,False,0,0,0.0,470.lbm,0,68,519
Dummy,NONE,False,0,0,0.0,470.lbm,0,69,529
Dummy,NONE,False,0,0,0.0,470.lbm,0,70,539
Dummy,NONE,False,0,0,0.0,470.lbm,0,71,549
Dummy,NONE,False,0,0,0.0,470.lbm,0,72,564
Dummy,NONE,False,0,0,0.0,470.lbm,0,73,579
Dummy,NONE,False,0,0,0.0,470.lbm,0,74,599
Dummy,NONE,False,0,0,0.0,470.lbm,0,75,624
Dummy,NONE,False,0,0,0.0,470.lbm,0,76,644
Dummy,NONE,False,0,0,0.0,470.lbm,0,77,659
Dummy,NONE,False,0,0,0.0,470.lbm,0,78,679
Dummy,NONE,False,0,0,0.0,470.lbm,0,79,694
Dummy,NONE,False,0,0,0.0,470.lbm,0,80,709
Dummy,NONE,False,0,0,0.0,470.lbm,0,81,729
Dummy,NONE,False,0,0,0.0,470.lbm,0,82,749
Dummy,NONE,False,0,0,0.0,470.lbm,0,83,769
Dummy,NONE,False,0,0,0.0,470.lbm,0,84,794
Dummy,NONE,False,0,0,0.0,470.lbm,0,85,819
Dummy,NONE,False,0,0,0.0,470.lbm,0,86,849
Dummy,NONE,False,0,0,0.0,470.lbm,0,87,869
Dummy,NONE,False,0,0,0.0,470.lbm,0,88,894
Dummy,NONE,False,0,0,0.0,470.lbm,0,89,919
Dummy,NONE,False,0,0,0.0,470.lbm,0,90,944
Dummy,NONE,False,0,0,0.0,470.lbm,0,91,974
Dummy,NONE,False,0,0,0.0,470.lbm,0,92,1004
Dummy,NONE,False,0,0,0.0,470.lbm,0,93,1049
Dummy,NONE,False,0,0,0.0,470.lbm,0,94,1124
Dummy,NONE,False,0,0,0.0,470.lbm,0,95,1209
Dummy,NONE,False,0,0,0.0,470.lbm,0,96,1479
Dummy,NONE,False,0,0,0.0,470.lbm,0,97,1759
Dummy,NONE,False,0,0,0.0,470.lbm,0,98,1924
Dummy,NONE,False,0,0,0.0,470.lbm,0,99,2194
Dummy,NONE,False,0,0,0.0,470.lbm,0,100,4644
Dummy,NONE,False,0,0,0.0,505.mcf,0,0,4
Dummy,NONE,False,0,0,0.0,505.mcf,0,1,49
Dummy,NONE,False,0,0,0.0,505.mcf,0,2,49
Dummy,NONE,False,0,0,0.0,505.mcf,0,3,49
Dummy,NONE,False,0,0,0.0,505.mcf,0,4,49
Dummy,NONE,False,0,0,0.0,505.mcf,0,5,49
Dummy,NONE,False,0,0,0.0,505.mcf,0,6,49
Dummy,NONE,False,0,0,0.0,505.mcf,0,7,49
Dummy,NONE,False,0,0,0.0,505.mcf,0,8,49
Dummy,NONE,False,0,0,0.0,505.mcf,0,9,49
Dummy,NONE,False,0,0,0.0,505.mcf,0,10,49
Dummy,NONE,False,0,0,0.0,505.mcf,0,11,49
Dummy,NONE,False,0,0,0.0,505.mcf,0,12,49
Dummy,NONE,False,0,0,0.0,505.mcf,0,13,49
Dummy,NONE,False,0,0,0.0,505.mcf,0,14,49
Dummy,NONE,False,0,0,0.0,505.mcf,0,15,49
Dummy,NONE,False,0,0,0.0,505.mcf,0,16,49
Dummy,NONE,False,0,0,0.0,505.mcf,0,17,49
Dummy,NONE,False,0,0,0.0,505.mcf,0,18,49
Dummy,NONE,False,0,0,0.0,505.mcf,0,19,49
Dummy,NONE,False,0,0,0.0,505.mcf,0,20,49
Dummy,NONE,False,0,0,0.0,505.mcf,0,21,49
Dummy,NONE,False,0,0,0.0,505.mcf,0,22,49
Dummy,NONE,False,0,0,0.0,505.mcf,0,23,49
Dummy,NONE,False,0,0,0.0,505.mcf,0,24,49
Dummy,NONE,False,0,0,0.0,505.mcf,0,25,49
Dummy,NONE,False,0,0,0.0,505.mcf,0,26,49
Dummy,NONE,False,0,0,0.0,505.mcf,0,27,49
Dummy,NONE,False,0,0,0.0,505.mcf,0,28,49
Dummy,NONE,False,0,0,0.0,505.mcf,0,29,49
Dummy,NONE,False,0,0,0.0,505.mcf,0,30,49
Dummy,NONE,False,0,0,0.0,505.mcf,0,31,49
Dummy,NONE,False,0,0,0.0,505.mcf,0,32,49
Dummy,NONE,False,0,0,0.0,505.mcf,0,33,49
Dummy,NONE,False,0,0,0.0,505.mcf,0,34,49
Dummy,NONE,False,0,0,0.0,505.mcf,0,35,49
Dummy,NONE,False,0,0,0.0,505.mcf,0,36,49
Dummy,NONE,False,0,0,0.0,505.mcf,0,37,49
Dummy,NONE,False,0,0,0.0,505.mcf,0,38,49
Dummy,NONE,False,0,0,0.0,505.mcf,0,39,49
Dummy,NONE,False,0,0,0.0,505.mcf,0,40,49
Dummy,NONE,False,0,0,0.0,505.mcf,0,41,49
Dummy,NONE,False,0,0,0.0,505.mcf,0,42,49
Dummy,NONE,False,0,0,0.0,505.mcf,0,43,49
Dummy,NONE,False,0,0,0.0,505.mcf,0,44,49
Dummy,NONE,False,0,0,0.0,505.mcf,0,45,49
Dummy,NONE,False,0,0,0.0,505.mcf,0,46,49
Dummy,NONE,False,0,0,0.0,505.mcf,0,47,49
Dummy,NONE,False,0,0,0.0,505.mcf,0,48,49
Dummy,NONE,False,0,0,0.0,505.mcf,0,49,49
Dummy,NONE,False,0,0,0.0,505.mcf,0,50,49
Dummy,NONE,False,0,0,0.0,505.mcf,0,51,49
Dummy,NONE,False,0,0,0.0,505.mcf,0,52,49
Dummy,NONE,False,0,0,0.0,505.mcf,0,53,49
Dummy,NONE,False,0,0,0.0,505.mcf,0,54,49
Dummy,NONE,False,0,0,0.0,505.mcf,0,55,49
Dummy,NONE,False,0,0,0.0,505.mcf,0,56,49
Dummy,NONE,False,0,0,0.0,505.mcf,0,57,49
Dummy,NONE,False,0,0,0.0,505.mcf,0,58,49
Dummy,NONE,False,0,0,0.0,505.mcf,0,59,49
Dummy,NONE,False,0,0,0.0,505.mcf,0,60,49
Dummy,NONE,False,0,0,0.0,505.mcf,0,61,49
Dummy,NONE,False,0,0,0.0,505.mcf,0,62,49
Dummy,NONE,False,0,0,0.0,505.mcf,0,63,49
Dummy,NONE,False,0,0,0.0,505.mcf,0,64,49
Dummy,NONE,False,0,0,0.0,505.mcf,0,65,49
Dummy,NONE,False,0,0,0.0,505.mcf,0,66,49
Dummy,NONE,False,0,0,0.0,505.mcf,0,67,49
Dummy,NONE,False,0,0,0.0,505.mcf,0,68,49
Dummy,NONE,False,0,0,0.0,505.mcf,0,69,49
Dummy,NONE,False,0,0,0.0,505.mcf,0,70,49
Dummy,NONE,False,0,0,0.0,505.mcf,0,71,49
Dummy,NONE,False,0,0,0.0,505.mcf,0,72,134
Dummy,NONE,False,0,0,0.0,505.mcf,0,73,179
Dummy,NONE,False,0,0,0.0,505.mcf,0,74,199
Dummy,NONE,False,0,0,0.0,505.mcf,0,75,214
Dummy,NONE,False,0,0,0.0,505.mcf,0,76,224
Dummy,NONE,False,0,0,0.0,505.mcf,0,77,229
Dummy,NONE,False,0,0,0.0,505.mcf,0,78,244
Dummy,NONE,False,0,0,0.0,505.mcf,0,79,244
Dummy,NONE,False,0,0,0.0,505.mcf,0,80,259
Dummy,NONE,False,0,0,0.0,505.mcf,0,81,264
Dummy,NONE,False,0,0,0.0,505.mcf,0,82,269
Dummy,NONE,False,0,0,0.0,505.mcf,0,83,269
Dummy,NONE,False,0,0,0.0,505.mcf,0,84,279
Dummy,NONE,False,0,0,0.0,505.mcf,0,85,289
Dummy,NONE,False,0,0,0.0,505.mcf,0,86,294
Dummy,NONE,False,0,0,0.0,505.mcf,0,87,304
Dummy,NONE,False,0,0,0.0,505.mcf,0,88,324
Dummy,NONE,False,0,0,0.0,505.mcf,0,89,359
Dummy,NONE,False,0,0,0.0,505.mcf,0,90,394
Dummy,NONE,False,0,0,0.0,505.mcf,0,91,404
Dummy,NONE,False,0,0,0.0,505.mcf,0,92,419
Dummy,NONE,False,0,0,0.0,505.mcf,0,93,429
Dummy,NONE,False,0,0,0.0,505.mcf,0,94,429
Dummy,NONE,False,0,0,0.0,505.mcf,0,95,444
Dummy,NONE,False,0,0,0.0,505.mcf,0,96,454
Dummy,NONE,False,0,0,0.0,505.mcf,0,97,469
Dummy,NONE,False,0,0,0.0,505.mcf,0,98,489
Dummy,NONE,False,0,0,0.0,505.mcf,0,99,624
Dummy,NONE,False,0,0,0.0,505.mcf,0,100,2464
Dummy,NONE,False,0,0,0.0,459.GemsFDTD,0,0,9
Dummy,NONE,False,0,0,0.0,459.GemsFDTD,0,1,49
Dummy,NONE,False,0,0,0.0,459.GemsFDTD,0,2,139
Dummy,NONE,False,0,0,0.0,459.GemsFDTD,0,3,164
Dummy,NONE,False,0,0,0.0,459.GemsFDTD,0,4,199
Dummy,NONE,False,0,0,0.0,459.GemsFDTD,0,5,199
Dummy,NONE,False,0,0,0.0,459.GemsFDTD,0,6,199
Dummy,NONE,False,0,0,0.0,459.GemsFDTD,0,7,199
Dummy,NONE,False,0,0,0.0,459.GemsFDTD,0,8,199
Dummy,NONE,False,0,0,0.0,459.GemsFDTD,0,9,199
Dummy,NONE,False,0,0,0.0,459.GemsFDTD,0,10,199
Dummy,NONE,False,0,0,0.0,459.GemsFDTD,0,11,199
Dummy,NONE,False,0,0,0.0,459.GemsFDTD,0,12,199
Dummy,NONE,False,0,0,0.0,459.GemsFDTD,0,13,199
Dummy,NONE,False,0,0,0.0,459.GemsFDTD,0,14,199
Dummy,NONE,False,0,0,0.0,459.GemsFDTD,0,15,199
Dummy,NONE,False,0,0,0.0,459.GemsFDTD,0,16,199
Dummy,NONE,False,0,0,0.0,459.GemsFDTD,0,17,199
Dummy,NONE,False,0,0,0.0,459.GemsFDTD,0,18,199
Dummy,NONE,False,0,0,0.0,459.GemsFDTD,0,19,199
Dummy,NONE,False,0,0,0.0,459.GemsFDTD,0,20,199
Dummy,NONE,False,0,0,0.0,459.GemsFDTD,0,21,199
Dummy,NONE,False,0,0,0.0,459.GemsFDTD,0,22,199
Dummy,NONE,False,0,0,0.0,459.GemsFDTD,0,23,199
Dummy,NONE,False,0,0,0.0,459.GemsFDTD,0,24,199
Dummy,NONE,False,0,0,0.0,459.GemsFDTD,0,25,199
Dummy,NONE,False,0,0,0.0,459.GemsFDTD,0,26,204
Dummy,NONE,False,0,0,0.0,459.GemsFDTD,0,27,204
Dummy,NONE,False,0,0,0.0,459.GemsFDTD,0,28,209
Dummy,NONE,False,0,0,0.0,459.GemsFDTD,0,29,209
Dummy,NONE,False,0,0,0.0,459.GemsFDTD,0,30,214
Dummy,NONE,False,0,0,0.0,459.GemsFDTD,0,31,214
Dummy,NONE,False,0,0,0.0,459.GemsFDTD,0,32,219
Dummy,NONE,False,0,0,0.0,459.GemsFDTD,0,33,219
Dummy,NONE,False,0,0,0.0,459.GemsFDTD,0,34,219
Dummy,NONE,False,0,0,0.0,459.GemsFDTD,0,35,224
Dummy,NONE,False,0,0,0.0,459.GemsFDTD,0,36,229
Dummy,NONE,False,0,0,0.0,459.GemsFDTD,0,37,239
Dummy,NONE,False,0,0,0.0,459.GemsFDTD,0,38,244
Dummy,NONE,False,0,0,0.0,459.GemsFDTD,0,39,259
Dummy,NONE,False,0,0,0.0,459.GemsFDTD,0,40,264
Dummy,NONE,False,0,0,0.0,459.GemsFDTD,0,41,264
Dummy,NONE,False,0,0,0.0,459.GemsFDTD,0,42,264
Dummy,NONE,False,0,0,0.0,459.GemsFDTD,0,43,264
Dummy,NONE,False,0,0,0.0,459.GemsFDTD,0,44,264
Dummy,NONE,False,0,0,0.0,459.GemsFDTD,0,45,264
Dummy,NONE,False,0,0,0.0,459.GemsFDTD,0,46,264
Dummy,NONE,False,0,0,0.0,459.GemsFDTD,0,47,264
Dummy,NONE,False,0,0,0.0,459.GemsFDTD,0,48,264
Dummy,NONE,False,0,0,0.0,459.GemsFDTD,0,49,264
Dummy,NONE,False,0,0,0.0,459.GemsFDTD,0,50,264
Dummy,NONE,False,0,0,0.0,459.GemsFDTD,0,51,264
Dummy,NONE,False,0,0,0.0,459.GemsFDTD,0,52,264
Dummy,NONE,False,0,0,0.0,459.GemsFDTD,0,53,264
Dummy,NONE,False,0,0,0.0,459.GemsFDTD,0,54,264
Dummy,NONE,False,0,0,0.0,459.GemsFDTD,0,55,264
Dummy,NONE,False,0,0,0.0,459.GemsFDTD,0,56,264
Dummy,NONE,False,0,0,0.0,459.GemsFDTD,0,57,264
Dummy,NONE,False,0,0,0.0,459.GemsFDTD,0,58,264
Dummy,NONE,False,0,0,0.0,459.GemsFDTD,0,59,264
Dummy,NONE,False,0,0,0.0,459.GemsFDTD,0,60,264
Dummy,NONE,False,0,0,0.0,459.GemsFDTD,0,61,264
Dummy,NONE,False,0,0,0.0,459.GemsFDTD,0,62,264
Dummy,NONE,False,0,0,0.0,459.GemsFDTD,0,63,264
Dummy,NONE,False,0,0,0.0,459.GemsFDTD,0,64,264
Dummy,NONE,False,0,0,0.0,459.GemsFDTD,0,65,264
Dummy,NONE,False,0,0,0.0,459.GemsFDTD,0,66,264
Dummy,NONE,False,0,0,0.0,459.GemsFDTD,0,67,269
Dummy,NONE,False,0,0,0.0,459.GemsFDTD,0,68,269
Dummy,NONE,False,0,0,0.0,459.GemsFDTD,0,69,269
Dummy,NONE,False,0,0,0.0,459.GemsFDTD,0,70,269
Dummy,NONE,False,0,0,0.0,459.GemsFDTD,0,71,274
Dummy,NONE,False,0,0,0.0,459.GemsFDTD,0,72,274
Dummy,NONE,False,0,0,0.0,459.GemsFDTD,0,73,274
Dummy,NONE,False,0,0,0.0,459.GemsFDTD,0,74,279
Dummy,NONE,False,0,0,0.0,459.GemsFDTD,0,75,279
Dummy,NONE,False,0,0,0.0,459.GemsFDTD,0,76,279
Dummy,NONE,False,0,0,0.0,459.GemsFDTD,0,77,279
Dummy,NONE,False,0,0,0.0,459.GemsFDTD,0,78,279
Dummy,NONE,False,0,0,0.0,459.GemsFDTD,0,79,284
Dummy,NONE,False,0,0,0.0,459.GemsFDTD,0,80,284
Dummy,NONE,False,0,0,0.0,459.GemsFDTD,0,81,284
Dummy,NONE,False,0,0,0.0,459.GemsFDTD,0,82,284
Dummy,NONE,False,0,0,0.0,459.GemsFDTD,0,83,289
Dummy,NONE,False,0,0,0.0,459.GemsFDTD,0,84,289
Dummy,NONE,False,0,0,0.0,459.GemsFDTD,0,85,294
Dummy,NONE,False,0,0,0.0,459.GemsFDTD,0,86,299
Dummy,NONE,False,0,0,0.0,459.GemsFDTD,0,87,299
Dummy,NONE,False,0,0,0.0,459.GemsFDTD,0,88,304
Dummy,NONE,False,0,0,0.0,459.GemsFDTD,0,89,309
Dummy,NONE,False,0,0,0.0,459.GemsFDTD,0,90,314
Dummy,NONE,False,0,0,0.0,459.GemsFDTD,0,91,319
Dummy,NONE,False,0,0,0.0,459.GemsFDTD,0,92,324
Dummy,NONE,False,0,0,0.0,459.GemsFDTD,0,93,329
Dummy,NONE,False,0,0,0.0,459.GemsFDTD,0,94,339
Dummy,NONE,False,0,0,0.0,459.GemsFDTD,0,95,359
Dummy,NONE,False,0,0,0.0,459.GemsFDTD,0,96,399
Dummy,NONE,False,0,0,0.0,459.GemsFDTD,0,97,454
Dummy,NONE,False,0,0,0.0,459.GemsFDTD,0,98,554
Dummy,NONE,False,0,0,0.0,459.GemsFDTD,0,99,1509
Dummy,NONE,False,0,0,0.0,459.GemsFDTD,0,100,2049
Dummy,NONE,False,0,0,0.0,429.mcf,0,0,24
Dummy,NONE,False,0,0,0.0,429.mcf,0,1,49
Dummy,NONE,False,0,0,0.0,429.mcf,0,2,49
Dummy,NONE,False,0,0,0.0,429.mcf,0,3,49
Dummy,NONE,False,0,0,0.0,429.mcf,0,4,49
Dummy,NONE,False,0,0,0.0,429.mcf,0,5,49
Dummy,NONE,False,0,0,0.0,429.mcf,0,6,49
Dummy,NONE,False,0,0,0.0,429.mcf,0,7,49
Dummy,NONE,False,0,0,0.0,429.mcf,0,8,49
Dummy,NONE,False,0,0,0.0,429.mcf,0,9,49
Dummy,NONE,False,0,0,0.0,429.mcf,0,10,154
Dummy,NONE,False,0,0,0.0,429.mcf,0,11,194
Dummy,NONE,False,0,0,0.0,429.mcf,0,12,199
Dummy,NONE,False,0,0,0.0,429.mcf,0,13,204
Dummy,NONE,False,0,0,0.0,429.mcf,0,14,209
Dummy,NONE,False,0,0,0.0,429.mcf,0,15,214
Dummy,NONE,False,0,0,0.0,429.mcf,0,16,219
Dummy,NONE,False,0,0,0.0,429.mcf,0,17,229
Dummy,NONE,False,0,0,0.0,429.mcf,0,18,239
Dummy,NONE,False,0,0,0.0,429.mcf,0,19,249
Dummy,NONE,False,0,0,0.0,429.mcf,0,20,259
Dummy,NONE,False,0,0,0.0,429.mcf,0,21,264
Dummy,NONE,False,0,0,0.0,429.mcf,0,22,264
Dummy,NONE,False,0,0,0.0,429.mcf,0,23,264
Dummy,NONE,False,0,0,0.0,429.mcf,0,24,264
Dummy,NONE,False,0,0,0.0,429.mcf,0,25,264
Dummy,NONE,False,0,0,0.0,429.mcf,0,26,264
Dummy,NONE,False,0,0,0.0,429.mcf,0,27,264
Dummy,NONE,False,0,0,0.0,429.mcf,0,28,269
Dummy,NONE,False,0,0,0.0,429.mcf,0,29,269
Dummy,NONE,False,0,0,0.0,429.mcf,0,30,269
Dummy,NONE,False,0,0,0.0,429.mcf,0,31,274
Dummy,NONE,False,0,0,0.0,429.mcf,0,32,274
Dummy,NONE,False,0,0,0.0,429.mcf,0,33,274
Dummy,NONE,False,0,0,0.0,429.mcf,0,34,279
Dummy,NONE,False,0,0,0.0,429.mcf,0,35,279
Dummy,NONE,False,0,0,0.0,429.mcf,0,36,279
Dummy,NONE,False,0,0,0.0,429.mcf,0,37,284
Dummy,NONE,False,0,0,0.0,429.mcf,0,38,284
Dummy,NONE,False,0,0,0.0,429.mcf,0,39,284
Dummy,NONE,False,0,0,0.0,429.mcf,0,40,284
Dummy,NONE,False,0,0,0.0,429.mcf,0,41,289
Dummy,NONE,False,0,0,0.0,429.mcf,0,42,289
Dummy,NONE,False,0,0,0.0,429.mcf,0,43,289
Dummy,NONE,False,0,0,0.0,429.mcf,0,44,294
Dummy,NONE,False,0,0,0.0,429.mcf,0,45,294
Dummy,NONE,False,0,0,0.0,429.mcf,0,46,294
Dummy,NONE,False,0,0,0.0,429.mcf,0,47,299
Dummy,NONE,False,0,0,0.0,429.mcf,0,48,299
Dummy,NONE,False,0,0,0.0,429.mcf,0,49,304
Dummy,NONE,False,0,0,0.0,429.mcf,0,50,304
Dummy,NONE,False,0,0,0.0,429.mcf,0,51,309
Dummy,NONE,False,0,0,0.0,429.mcf,0,52,309
Dummy,NONE,False,0,0,0.0,429.mcf,0,53,309
Dummy,NONE,False,0,0,0.0,429.mcf,0,54,314
Dummy,NONE,False,0,0,0.0,429.mcf,0,55,319
Dummy,NONE,False,0,0,0.0,429.mcf,0,56,319
Dummy,NONE,False,0,0,0.0,429.mcf,0,57,324
Dummy,NONE,False,0,0,0.0,429.mcf,0,58,324
Dummy,NONE,False,0,0,0.0,429.mcf,0,59,329
Dummy,NONE,False,0,0,0.0,429.mcf,0,60,329
Dummy,NONE,False,0,0,0.0,429.mcf,0,61,334
Dummy,NONE,False,0,0,0.0,429.mcf,0,62,339
Dummy,NONE,False,0,0,0.0,429.mcf,0,63,339
Dummy,NONE,False,0,0,0.0,429.mcf,0,64,344
Dummy,NONE,False,0,0,0.0,429.mcf,0,65,349
Dummy,NONE,False,0,0,0.0,429.mcf,0,66,354
Dummy,NONE,False,0,0,0.0,429.mcf,0,67,354
Dummy,NONE,False,0,0,0.0,429.mcf,0,68,359
Dummy,NONE,False,0,0,0.0,429.mcf,0,69,364
Dummy,NONE,False,0,0,0.0,429.mcf,0,70,369
Dummy,NONE,False,0,0,0.0,429.mcf,0,71,374
Dummy,NONE,False,0,0,0.0,429.mcf,0,72,379
Dummy,NONE,False,0,0,0.0,429.mcf,0,73,389
Dummy,NONE,False,0,0,0.0,429.mcf,0,74,394
Dummy,NONE,False,0,0,0.0,429.mcf,0,75,399
Dummy,NONE,False,0,0,0.0,429.mcf,0,76,409
Dummy,NONE,False,0,0,0.0,429.mcf,0,77,419
Dummy,NONE,False,0,0,0.0,429.mcf,0,78,424
Dummy,NONE,False,0,0,0.0,429.mcf,0,79,434
Dummy,NONE,False,0,0,0.0,429.mcf,0,80,444
Dummy,NONE,False,0,0,0.0,429.mcf,0,81,459
Dummy,NONE,False,0,0,0.0,429.mcf,0,82,469
Dummy,NONE,False,0,0,0.0,429.mcf,0,83,479
Dummy,NONE,False,0,0,0.0,429.mcf,0,84,494
Dummy,NONE,False,0,0,0.0,429.mcf,0,85,514
Dummy,NONE,False,0,0,0.0,429.mcf,0,86,534
Dummy,NONE,False,0,0,0.0,429.mcf,0,87,554
Dummy,NONE,False,0,0,0.0,429.mcf,0,88,584
Dummy,NONE,False,0,0,0.0,429.mcf,0,89,619
Dummy,NONE,False,0,0,0.0,429.mcf,0,90,659
Dummy,NONE,False,0,0,0.0,429.mcf,0,91,709
Dummy,NONE,False,0,0,0.0,429.mcf,0,92,754
Dummy,NONE,False,0,0,0.0,429.mcf,0,93,809
Dummy,NONE,False,0,0,0.0,429.mcf,0,94,869
Dummy,NONE,False,0,0,0.0,429.mcf,0,95,944
Dummy,NONE,False,0,0,0.0,429.mcf,0,96,1024
Dummy,NONE,False,0,0,0.0,429.mcf,0,97,1169
Dummy,NONE,False,0,0,0.0,429.mcf,0,98,1594
Dummy,NONE,False,0,0,0.0,429.mcf,0,99,1814
Dummy,NONE,False,0,0,0.0,429.mcf,0,100,3799
Dummy,NONE,False,0,0,0.0,483.xalancbmk,0,0,49
Dummy,NONE,False,0,0,0.0,483.xalancbmk,0,1,49
Dummy,NONE,False,0,0,0.0,483.xalancbmk,0,2,49
Dummy,NONE,False,0,0,0.0,483.xalancbmk,0,3,49
Dummy,NONE,False,0,0,0.0,483.xalancbmk,0,4,49
Dummy,NONE,False,0,0,0.0,483.xalancbmk,0,5,49
Dummy,NONE,False,0,0,0.0,483.xalancbmk,0,6,49
Dummy,NONE,False,0,0,0.0,483.xalancbmk,0,7,49
Dummy,NONE,False,0,0,0.0,483.xalancbmk,0,8,49
Dummy,NONE,False,0,0,0.0,483.xalancbmk,0,9,49
Dummy,NONE,False,0,0,0.0,483.xalancbmk,0,10,49
Dummy,NONE,False,0,0,0.0,483.xalancbmk,0,11,49
Dummy,NONE,False,0,0,0.0,483.xalancbmk,0,12,49
Dummy,NONE,False,0,0,0.0,483.xalancbmk,0,13,49
Dummy,NONE,False,0,0,0.0,483.xalancbmk,0,14,49
Dummy,NONE,False,0,0,0.0,483.xalancbmk,0,15,49
Dummy,NONE,False,0,0,0.0,483.xalancbmk,0,16,49
Dummy,NONE,False,0,0,0.0,483.xalancbmk,0,17,49
Dummy,NONE,False,0,0,0.0,483.xalancbmk,0,18,49
Dummy,NONE,False,0,0,0.0,483.xalancbmk,0,19,49
Dummy,NONE,False,0,0,0.0,483.xalancbmk,0,20,134
Dummy,NONE,False,0,0,0.0,483.xalancbmk,0,21,134
Dummy,NONE,False,0,0,0.0,483.xalancbmk,0,22,134
Dummy,NONE,False,0,0,0.0,483.xalancbmk,0,23,134
Dummy,NONE,False,0,0,0.0,483.xalancbmk,0,24,134
Dummy,NONE,False,0,0,0.0,483.xalancbmk,0,25,134
Dummy,NONE,False,0,0,0.0,483.xalancbmk,0,26,134
Dummy,NONE,False,0,0,0.0,483.xalancbmk,0,27,134
Dummy,NONE,False,0,0,0.0,483.xalancbmk,0,28,134
Dummy,NONE,False,0,0,0.0,483.xalancbmk,0,29,134
Dummy,NONE,False,0,0,0.0,483.xalancbmk,0,30,134
Dummy,NONE,False,0,0,0.0,483.xalancbmk,0,31,134
Dummy,NONE,False,0,0,0.0,483.xalancbmk,0,32,139
Dummy,NONE,False,0,0,0.0,483.xalancbmk,0,33,139
Dummy,NONE,False,0,0,0.0,483.xalancbmk,0,34,139
Dummy,NONE,False,0,0,0.0,483.xalancbmk,0,35,144
Dummy,NONE,False,0,0,0.0,483.xalancbmk,0,36,149
Dummy,NONE,False,0,0,0.0,483.xalancbmk,0,37,154
Dummy,NONE,False,0,0,0.0,483.xalancbmk,0,38,154
Dummy,NONE,False,0,0,0.0,483.xalancbmk,0,39,154
Dummy,NONE,False,0,0,0.0,483.xalancbmk,0,40,159
Dummy,NONE,False,0,0,0.0,483.xalancbmk,0,41,164
Dummy,NONE,False,0,0,0.0,483.xalancbmk,0,42,169
Dummy,NONE,False,0,0,0.0,483.xalancbmk,0,43,174
Dummy,NONE,False,0,0,0.0,483.xalancbmk,0,44,179
Dummy,NONE,False,0,0,0.0,483.xalancbmk,0,45,189
Dummy,NONE,False,0,0,0.0,483.xalancbmk,0,46,199
Dummy,NONE,False,0,0,0.0,483.xalancbmk,0,47,199
Dummy,NONE,False,0,0,0.0,483.xalancbmk,0,48,199
Dummy,NONE,False,0,0,0.0,483.xalancbmk,0,49,199
Dummy,NONE,False,0,0,0.0,483.xalancbmk,0,50,199
Dummy,NONE,False,0,0,0.0,483.xalancbmk,0,51,199
Dummy,NONE,False,0,0,0.0,483.xalancbmk,0,52,204
Dummy,NONE,False,0,0,0.0,483.xalancbmk,0,53,204
Dummy,NONE,False,0,0,0.0,483.xalancbmk,0,54,204
Dummy,NONE,False,0,0,0.0,483.xalancbmk,0,55,204
Dummy,NONE,False,0,0,0.0,483.xalancbmk,0,56,209
Dummy,NONE,False,0,0,0.0,483.xalancbmk,0,57,214
Dummy,NONE,False,0,0,0.0,483.xalancbmk,0,58,214
Dummy,NONE,False,0,0,0.0,483.xalancbmk,0,59,219
Dummy,NONE,False,0,0,0.0,483.xalancbmk,0,60,219
Dummy,NONE,False,0,0,0.0,483.xalancbmk,0,61,219
Dummy,NONE,False,0,0,0.0,483.xalancbmk,0,62,224
Dummy,NONE,False,0,0,0.0,483.xalancbmk,0,63,229
Dummy,NONE,False,0,0,0.0,483.xalancbmk,0,64,229
Dummy,NONE,False,0,0,0.0,483.xalancbmk,0,65,234
Dummy,NONE,False,0,0,0.0,483.xalancbmk,0,66,239
Dummy,NONE,False,0,0,0.0,483.xalancbmk,0,67,239
Dummy,NONE,False,0,0,0.0,483.xalancbmk,0,68,244
Dummy,NONE,False,0,0,0.0,483.xalancbmk,0,69,254
Dummy,NONE,False,0,0,0.0,483.xalancbmk,0,70,259
Dummy,NONE,False,0,0,0.0,483.xalancbmk,0,71,264
Dummy,NONE,False,0,0,0.0,483.xalancbmk,0,72,264
Dummy,NONE,False,0,0,0.0,483.xalancbmk,0,73,264
Dummy,NONE,False,0,0,0.0,483.xalancbmk,0,74,264
Dummy,NONE,False,0,0,0.0,483.xalancbmk,0,75,269
Dummy,NONE,False,0,0,0.0,483.xalancbmk,0,76,269
Dummy,NONE,False,0,0,0.0,483.xalancbmk,0,77,274
Dummy,NONE,False,0,0,0.0,483.xalancbmk,0,78,274
Dummy,NONE,False,0,0,0.0,483.xalancbmk,0,79,279
Dummy,NONE,False,0,0,0.0,483.xalancbmk,0,80,284
Dummy,NONE,False,0,0,0.0,483.xalancbmk,0,81,284
Dummy,NONE,False,0,0,0.0,483.xalancbmk,0,82,289
Dummy,NONE,False,0,0,0.0,483.xalancbmk,0,83,289
Dummy,NONE,False,0,0,0.0,483.xalancbmk,0,84,294
Dummy,NONE,False,0,0,0.0,483.xalancbmk,0,85,299
Dummy,NONE,False,0,0,0.0,483.xalancbmk,0,86,299
Dummy,NONE,False,0,0,0.0,483.xalancbmk,0,87,304
Dummy,NONE,False,0,0,0.0,483.xalancbmk,0,88,309
Dummy,NONE,False,0,0,0.0,483.xalancbmk,0,89,314
Dummy,NONE,False,0,0,0.0,483.xalancbmk,0,90,319
Dummy,NONE,False,0,0,0.0,483.xalancbmk,0,91,329
Dummy,NONE,False,0,0,0.0,483.xalancbmk,0,92,339
Dummy,NONE,False,0,0,0.0,483.xalancbmk,0,93,349
Dummy,NONE,False,0,0,0.0,483.xalancbmk,0,94,374
Dummy,NONE,False,0,0,0.0,483.xalancbmk,0,95,404
Dummy,NONE,False,0,0,0.0,483.xalancbmk,0,96,449
Dummy,NONE,False,0,0,0.0,483.xalancbmk,0,97,484
Dummy,NONE,False,0,0,0.0,483.xalancbmk,0,98,534
Dummy,NONE,False,0,0,0.0,483.xalancbmk,0,99,1494
Dummy,NONE,False,0,0,0.0,483.xalancbmk,0,100,2294
Dummy,NONE,False,0,0,0.0,450.soplex,0,0,9
Dummy,NONE,False,0,0,0.0,450.soplex,0,1,49
Dummy,NONE,False,0,0,0.0,450.soplex,0,2,49
Dummy,NONE,False,0,0,0.0,450.soplex,0,3,49
Dummy,NONE,False,0,0,0.0,450.soplex,0,4,49
Dummy,NONE,False,0,0,0.0,450.soplex,0,5,49
Dummy,NONE,False,0,0,0.0,450.soplex,0,6,49
Dummy,NONE,False,0,0,0.0,450.soplex,0,7,49
Dummy,NONE,False,0,0,0.0,450.soplex,0,8,49
Dummy,NONE,False,0,0,0.0,450.soplex,0,9,49
Dummy,NONE,False,0,0,0.0,450.soplex,0,10,49
Dummy,NONE,False,0,0,0.0,450.soplex,0,11,49
Dummy,NONE,False,0,0,0.0,450.soplex,0,12,49
Dummy,NONE,False,0,0,0.0,450.soplex,0,13,49
Dummy,NONE,False,0,0,0.0,450.soplex,0,14,49
Dummy,NONE,False,0,0,0.0,450.soplex,0,15,49
Dummy,NONE,False,0,0,0.0,450.soplex,0,16,49
Dummy,NONE,False,0,0,0.0,450.soplex,0,17,49
Dummy,NONE,False,0,0,0.0,450.soplex,0,18,49
Dummy,NONE,False,0,0,0.0,450.soplex,0,19,49
Dummy,NONE,False,0,0,0.0,450.soplex,0,20,49
Dummy,NONE,False,0,0,0.0,450.soplex,0,21,49
Dummy,NONE,False,0,0,0.0,450.soplex,0,22,49
Dummy,NONE,False,0,0,0.0,450.soplex,0,23,49
Dummy,NONE,False,0,0,0.0,450.soplex,0,24,49
Dummy,NONE,False,0,0,0.0,450.soplex,0,25,49
Dummy,NONE,False,0,0,0.0,450.soplex,0,26,49
Dummy,NONE,False,0,0,0.0,450.soplex,0,27,49
Dummy,NONE,False,0,0,0.0,450.soplex,0,28,49
Dummy,NONE,False,0,0,0.0,450.soplex,0,29,49
Dummy,NONE,False,0,0,0.0,450.soplex,0,30,49
Dummy,NONE,False,0,0,0.0,450.soplex,0,31,49
Dummy,NONE,False,0,0,0.0,450.soplex,0,32,49
Dummy,NONE,False,0,0,0.0,450.soplex,0,33,134
Dummy,NONE,False,0,0,0.0,450.soplex,0,34,134
Dummy,NONE,False,0,0,0.0,450.soplex,0,35,134
Dummy,NONE,False,0,0,0.0,450.soplex,0,36,134
Dummy,NONE,False,0,0,0.0,450.soplex,0,37,134
Dummy,NONE,False,0,0,0.0,450.soplex,0,38,134
Dummy,NONE,False,0,0,0.0,450.soplex,0,39,134
Dummy,NONE,False,0,0,0.0,450.soplex,0,40,134
Dummy,NONE,False,0,0,0.0,450.soplex,0,41,134
Dummy,NONE,False,0,0,0.0,450.soplex,0,42,134
Dummy,NONE,False,0,0,0.0,450.soplex,0,43,134
Dummy,NONE,False,0,0,0.0,450.soplex,0,44,134
Dummy,NONE,False,0,0,0.0,450.soplex,0,45,134
Dummy,NONE,False,0,0,0.0,450.soplex,0,46,134
Dummy,NONE,False,0,0,0.0,450.soplex,0,47,139
Dummy,NONE,False,0,0,0.0,450.soplex,0,48,139
Dummy,NONE,False,0,0,0.0,450.soplex,0,49,144
Dummy,NONE,False,0,0,0.0,450.soplex,0,50,149
Dummy,NONE,False,0,0,0.0,450.soplex,0,51,154
Dummy,NONE,False,0,0,0.0,450.soplex,0,52,154
Dummy,NONE,False,0,0,0.0,450.soplex,0,53,159
Dummy,NONE,False,0,0,0.0,450.soplex,0,54,164
Dummy,NONE,False,0,0,0.0,450.soplex,0,55,169
Dummy,NONE,False,0,0,0.0,450.soplex,0,56,179
Dummy,NONE,False,0,0,0.0,450.soplex,0,57,189
Dummy,NONE,False,0,0,0.0,450.soplex,0,58,199
Dummy,NONE,False,0,0,0.0,450.soplex,0,59,199
Dummy,NONE,False,0,0,0.0,450.soplex,0,60,199
Dummy,NONE,False,0,0,0.0,450.soplex,0,61,199
Dummy,NONE,False,0,0,0.0,450.soplex,0,62,199
Dummy,NONE,False,0,0,0.0,450.soplex,0,63,199
Dummy,NONE,False,0,0,0.0,450.soplex,0,64,204
Dummy,NONE,False,0,0,0.0,450.soplex,0,65,209
Dummy,NONE,False,0,0,0.0,450.soplex,0,66,214
Dummy,NONE,False,0,0,0.0,450.soplex,0,67,219
Dummy,NONE,False,0,0,0.0,450.soplex,0,68,224
Dummy,NONE,False,0,0,0.0,450.soplex,0,69,229
Dummy,NONE,False,0,0,0.0,450.soplex,0,70,234
Dummy,NONE,False,0,0,0.0,450.soplex,0,71,249
Dummy,NONE,False,0,0,0.0,450.soplex,0,72,264
Dummy,NONE,False,0,0,0.0,450.soplex,0,73,264
Dummy,NONE,False,0,0,0.0,450.soplex,0,74,264
Dummy,NONE,False,0,0,0.0,450.soplex,0,75,264
Dummy,NONE,False,0,0,0.0,450.soplex,0,76,264
Dummy,NONE,False,0,0,0.0,450.soplex,0,77,269
Dummy,NONE,False,0,0,0.0,450.soplex,0,78,269
Dummy,NONE,False,0,0,0.0,450.soplex,0,79,274
Dummy,NONE,False,0,0,0.0,450.soplex,0,80,279
Dummy,NONE,False,0,0,0.0,450.soplex,0,81,284
Dummy,NONE,False,0,0,0.0,450.soplex,0,82,294
Dummy,NONE,False,0,0,0.0,450.soplex,0,83,299
Dummy,NONE,False,0,0,0.0,450.soplex,0,84,304
Dummy,NONE,False,0,0,0.0,450.soplex,0,85,319
Dummy,NONE,False,0,0,0.0,450.soplex,0,86,334
Dummy,NONE,False,0,0,0.0,450.soplex,0,87,349
Dummy,NONE,False,0,0,0.0,450.soplex,0,88,364
Dummy,NONE,False,0,0,0.0,450.soplex,0,89,389
Dummy,NONE,False,0,0,0.0,450.soplex,0,90,409
Dummy,NONE,False,0,0,0.0,450.soplex,0,91,439
Dummy,NONE,False,0,0,0.0,450.soplex,0,92,464
Dummy,NONE,False,0,0,0.0,450.soplex,0,93,489
Dummy,NONE,False,0,0,0.0,450.soplex,0,94,514
Dummy,NONE,False,0,0,0.0,450.soplex,0,95,529
Dummy,NONE,False,0,0,0.0,450.soplex,0,96,539
Dummy,NONE,False,0,0,0.0,450.soplex,0,97,1024
Dummy,NONE,False,0,0,0.0,450.soplex,0,98,1709
Dummy,NONE,False,0,0,0.0,450.soplex,0,99,2264
Dummy,NONE,False,0,0,0.0,450.soplex,0,100,5654
Dummy,NONE,False,0,0,0.0,434.zeusmp,0,0,49
Dummy,NONE,False,0,0,0.0,434.zeusmp,0,1,49
Dummy,NONE,False,0,0,0.0,434.zeusmp,0,2,49
Dummy,NONE,False,0,0,0.0,434.zeusmp,0,3,49
Dummy,NONE,False,0,0,0.0,434.zeusmp,0,4,49
Dummy,NONE,False,0,0,0.0,434.zeusmp,0,5,49
Dummy,NONE,False,0,0,0.0,434.zeusmp,0,6,49
Dummy,NONE,False,0,0,0.0,434.zeusmp,0,7,49
Dummy,NONE,False,0,0,0.0,434.zeusmp,0,8,49
Dummy,NONE,False,0,0,0.0,434.zeusmp,0,9,49
Dummy,NONE,False,0,0,0.0,434.zeusmp,0,10,49
Dummy,NONE,False,0,0,0.0,434.zeusmp,0,11,134
Dummy,NONE,False,0,0,0.0,434.zeusmp,0,12,134
Dummy,NONE,False,0,0,0.0,434.zeusmp,0,13,134
Dummy,NONE,False,0,0,0.0,434.zeusmp,0,14,134
Dummy,NONE,False,0,0,0.0,434.zeusmp,0,15,134
Dummy,NONE,False,0,0,0.0,434.zeusmp,0,16,134
Dummy,NONE,False,0,0,0.0,434.zeusmp,0,17,134
Dummy,NONE,False,0,0,0.0,434.zeusmp,0,18,134
Dummy,NONE,False,0,0,0.0,434.zeusmp,0,19,139
Dummy,NONE,False,0,0,0.0,434.zeusmp,0,20,139
Dummy,NONE,False,0,0,0.0,434.zeusmp,0,21,144
Dummy,NONE,False,0,0,0.0,434.zeusmp,0,22,149
Dummy,NONE,False,0,0,0.0,434.zeusmp,0,23,154
Dummy,NONE,False,0,0,0.0,434.zeusmp,0,24,159
Dummy,NONE,False,0,0,0.0,434.zeusmp,0,25,169
Dummy,NONE,False,0,0,0.0,434.zeusmp,0,26,179
Dummy,NONE,False,0,0,0.0,434.zeusmp,0,27,189
Dummy,NONE,False,0,0,0.0,434.zeusmp,0,28,199
Dummy,NONE,False,0,0,0.0,434.zeusmp,0,29,199
Dummy,NONE,False,0,0,0.0,434.zeusmp,0,30,199
Dummy,NONE,False,0,0,0.0,434.zeusmp,0,31,199
Dummy,NONE,False,0,0,0.0,434.zeusmp,0,32,199
Dummy,NONE,False,0,0,0.0,434.zeusmp,0,33,204
Dummy,NONE,False,0,0,0.0,434.zeusmp,0,34,209
Dummy,NONE,False,0,0,0.0,434.zeusmp,0,35,214
Dummy,NONE,False,0,0,0.0,434.zeusmp,0,36,224
Dummy,NONE,False,0,0,0.0,434.zeusmp,0,37,234
Dummy,NONE,False,0,0,0.0,434.zeusmp,0,38,244
Dummy,NONE,False,0,0,0.0,434.zeusmp,0,39,264
Dummy,NONE,False,0,0,0.0,434.zeusmp,0,40,264
Dummy,NONE,False,0,0,0.0,434.zeusmp,0,41,264
Dummy,NONE,False,0,0,0.0,434.zeusmp,0,42,264
Dummy,NONE,False,0,0,0.0,434.zeusmp,0,43,264
Dummy,NONE,False,0,0,0.0,434.zeusmp,0,44,264
Dummy,NONE,False,0,0,0.0,434.zeusmp,0,45,264
Dummy,NONE,False,0,0,0.0,434.zeusmp,0,46,264
Dummy,NONE,False,0,0,0.0,434.zeusmp,0,47,264
Dummy,NONE,False,0,0,0.0,434.zeusmp,0,48,264
Dummy,NONE,False,0,0,0.0,434.zeusmp,0,49,264
Dummy,NONE,False,0,0,0.0,434.zeusmp,0,50,264
Dummy,NONE,False,0,0,0.0,434.zeusmp,0,51,264
Dummy,NONE,False,0,0,0.0,434.zeusmp,0,52,264
Dummy,NONE,False,0,0,0.0,434.zeusmp,0,53,264
Dummy,NONE,False,0,0,0.0,434.zeusmp,0,54,269
Dummy,NONE,False,0,0,0.0,434.zeusmp,0,55,269
Dummy,NONE,False,0,0,0.0,434.zeusmp,0,56,269
Dummy,NONE,False,0,0,0.0,434.zeusmp,0,57,269
Dummy,NONE,False,0,0,0.0,434.zeusmp,0,58,274
Dummy,NONE,False,0,0,0.0,434.zeusmp,0,59,274
Dummy,NONE,False,0,0,0.0,434.zeusmp,0,60,279
Dummy,NONE,False,0,0,0.0,434.zeusmp,0,61,284
Dummy,NONE,False,0,0,0.0,434.zeusmp,0,62,284
Dummy,NONE,False,0,0,0.0,434.zeusmp,0,63,289
Dummy,NONE,False,0,0,0.0,434.zeusmp,0,64,299
Dummy,NONE,False,0,0,0.0,434.zeusmp,0,65,304
Dummy,NONE,False,0,0,0.0,434.zeusmp,0,66,319
Dummy,NONE,False,0,0,0.0,434.zeusmp,0,67,344
Dummy,NONE,False,0,0,0.0,434.zeusmp,0,68,354
Dummy,NONE,False,0,0,0.0,434.zeusmp,0,69,359
Dummy,NONE,False,0,0,0.0,434.zeusmp,0,70,364
Dummy,NONE,False,0,0,0.0,434.zeusmp,0,71,369
Dummy,NONE,False,0,0,0.0,434.zeusmp,0,72,374
Dummy,NONE,False,0,0,0.0,434.zeusmp,0,73,379
Dummy,NONE,False,0,0,0.0,434.zeusmp,0,74,384
Dummy,NONE,False,0,0,0.0,434.zeusmp,0,75,384
Dummy,NONE,False,0,0,0.0,434.zeusmp,0,76,389
Dummy,NONE,False,0,0,0.0,434.zeusmp,0,77,389
Dummy,NONE,False,0,0,0.0,434.zeusmp,0,78,394
Dummy,NONE,False,0,0,0.0,434.zeusmp,0,79,399
Dummy,NONE,False,0,0,0.0,434.zeusmp,0,80,404
Dummy,NONE,False,0,0,0.0,434.zeusmp,0,81,409
Dummy,NONE,False,0,0,0.0,434.zeusmp,0,82,414
Dummy,NONE,False,0,0,0.0,434.zeusmp,0,83,419
Dummy,NONE,False,0,0,0.0,434.zeusmp,0,84,424
Dummy,NONE,False,0,0,0.0,434.zeusmp,0,85,434
Dummy,NONE,False,0,0,0.0,434.zeusmp,0,86,439
Dummy,NONE,False,0,0,0.0,434.zeusmp,0,87,444
Dummy,NONE,False,0,0,0.0,434.zeusmp,0,88,454
Dummy,NONE,False,0,0,0.0,434.zeusmp,0,89,464
Dummy,NONE,False,0,0,0.0,434.zeusmp,0,90,469
Dummy,NONE,False,0,0,0.0,434.zeusmp,0,91,479
Dummy,NONE,False,0,0,0.0,434.zeusmp,0,92,494
Dummy,NONE,False,0,0,0.0,434.zeusmp,0,93,514
Dummy,NONE,False,0,0,0.0,434.zeusmp,0,94,539
Dummy,NONE,False,0,0,0.0,434.zeusmp,0,95,574
Dummy,NONE,False,0,0,0.0,434.zeusmp,0,96,609
Dummy,NONE,False,0,0,0.0,434.zeusmp,0,97,644
Dummy,NONE,False,0,0,0.0,434.zeusmp,0,98,789
Dummy,NONE,False,0,0,0.0,434.zeusmp,0,99,1689
Dummy,NONE,False,0,0,0.0,434.zeusmp,0,100,2829
Dummy,NONE,False,0,0,0.0,462.libquantum,0,0,134
Dummy,NONE,False,0,0,0.0,462.libquantum,0,1,199
Dummy,NONE,False,0,0,0.0,462.libquantum,0,2,199
Dummy,NONE,False,0,0,0.0,462.libquantum,0,3,199
Dummy,NONE,False,0,0,0.0,462.libquantum,0,4,199
Dummy,NONE,False,0,0,0.0,462.libquantum,0,5,199
Dummy,NONE,False,0,0,0.0,462.libquantum,0,6,219
Dummy,NONE,False,0,0,0.0,462.libquantum,0,7,219
Dummy,NONE,False,0,0,0.0,462.libquantum,0,8,219
Dummy,NONE,False,0,0,0.0,462.libquantum,0,9,219
Dummy,NONE,False,0,0,0.0,462.libquantum,0,10,219
Dummy,NONE,False,0,0,0.0,462.libquantum,0,11,219
Dummy,NONE,False,0,0,0.0,462.libquantum,0,12,219
Dummy,NONE,False,0,0,0.0,462.libquantum,0,13,219
Dummy,NONE,False,0,0,0.0,462.libquantum,0,14,219
Dummy,NONE,False,0,0,0.0,462.libquantum,0,15,219
Dummy,NONE,False,0,0,0.0,462.libquantum,0,16,219
Dummy,NONE,False,0,0,0.0,462.libquantum,0,17,219
Dummy,NONE,False,0,0,0.0,462.libquantum,0,18,219
Dummy,NONE,False,0,0,0.0,462.libquantum,0,19,219
Dummy,NONE,False,0,0,0.0,462.libquantum,0,20,219
Dummy,NONE,False,0,0,0.0,462.libquantum,0,21,219
Dummy,NONE,False,0,0,0.0,462.libquantum,0,22,219
Dummy,NONE,False,0,0,0.0,462.libquantum,0,23,219
Dummy,NONE,False,0,0,0.0,462.libquantum,0,24,219
Dummy,NONE,False,0,0,0.0,462.libquantum,0,25,219
Dummy,NONE,False,0,0,0.0,462.libquantum,0,26,219
Dummy,NONE,False,0,0,0.0,462.libquantum,0,27,219
Dummy,NONE,False,0,0,0.0,462.libquantum,0,28,219
Dummy,NONE,False,0,0,0.0,462.libquantum,0,29,219
Dummy,NONE,False,0,0,0.0,462.libquantum,0,30,219
Dummy,NONE,False,0,0,0.0,462.libquantum,0,31,219
Dummy,NONE,False,0,0,0.0,462.libquantum,0,32,219
Dummy,NONE,False,0,0,0.0,462.libquantum,0,33,219
Dummy,NONE,False,0,0,0.0,462.libquantum,0,34,219
Dummy,NONE,False,0,0,0.0,462.libquantum,0,35,219
Dummy,NONE,False,0,0,0.0,462.libquantum,0,36,219
Dummy,NONE,False,0,0,0.0,462.libquantum,0,37,219
Dummy,NONE,False,0,0,0.0,462.libquantum,0,38,219
Dummy,NONE,False,0,0,0.0,462.libquantum,0,39,219
Dummy,NONE,False,0,0,0.0,462.libquantum,0,40,219
Dummy,NONE,False,0,0,0.0,462.libquantum,0,41,219
Dummy,NONE,False,0,0,0.0,462.libquantum,0,42,219
Dummy,NONE,False,0,0,0.0,462.libquantum,0,43,219
Dummy,NONE,False,0,0,0.0,462.libquantum,0,44,219
Dummy,NONE,False,0,0,0.0,462.libquantum,0,45,219
Dummy,NONE,False,0,0,0.0,462.libquantum,0,46,219
Dummy,NONE,False,0,0,0.0,462.libquantum,0,47,219
Dummy,NONE,False,0,0,0.0,462.libquantum,0,48,219
Dummy,NONE,False,0,0,0.0,462.libquantum,0,49,219
Dummy,NONE,False,0,0,0.0,462.libquantum,0,50,219
Dummy,NONE,False,0,0,0.0,462.libquantum,0,51,219
Dummy,NONE,False,0,0,0.0,462.libquantum,0,52,219
Dummy,NONE,False,0,0,0.0,462.libquantum,0,53,219
Dummy,NONE,False,0,0,0.0,462.libquantum,0,54,219
Dummy,NONE,False,0,0,0.0,462.libquantum,0,55,219
Dummy,NONE,False,0,0,0.0,462.libquantum,0,56,219
Dummy,NONE,False,0,0,0.0,462.libquantum,0,57,219
Dummy,NONE,False,0,0,0.0,462.libquantum,0,58,219
Dummy,NONE,False,0,0,0.0,462.libquantum,0,59,219
Dummy,NONE,False,0,0,0.0,462.libquantum,0,60,219
Dummy,NONE,False,0,0,0.0,462.libquantum,0,61,219
Dummy,NONE,False,0,0,0.0,462.libquantum,0,62,219
Dummy,NONE,False,0,0,0.0,462.libquantum,0,63,219
Dummy,NONE,False,0,0,0.0,462.libquantum,0,64,219
Dummy,NONE,False,0,0,0.0,462.libquantum,0,65,219
Dummy,NONE,False,0,0,0.0,462.libquantum,0,66,219
Dummy,NONE,False,0,0,0.0,462.libquantum,0,67,219
Dummy,NONE,False,0,0,0.0,462.libquantum,0,68,219
Dummy,NONE,False,0,0,0.0,462.libquantum,0,69,219
Dummy,NONE,False,0,0,0.0,462.libquantum,0,70,219
Dummy,NONE,False,0,0,0.0,462.libquantum,0,71,219
Dummy,NONE,False,0,0,0.0,462.libquantum,0,72,219
Dummy,NONE,False,0,0,0.0,462.libquantum,0,73,219
Dummy,NONE,False,0,0,0.0,462.libquantum,0,74,219
Dummy,NONE,False,0,0,0.0,462.libquantum,0,75,219
Dummy,NONE,False,0,0,0.0,462.libquantum,0,76,219
Dummy,NONE,False,0,0,0.0,462.libquantum,0,77,219
Dummy,NONE,False,0,0,0.0,462.libquantum,0,78,219
Dummy,NONE,False,0,0,0.0,462.libquantum,0,79,219
Dummy,NONE,False,0,0,0.0,462.libquantum,0,80,219
Dummy,NONE,False,0,0,0.0,462.libquantum,0,81,219
Dummy,NONE,False,0,0,0.0,462.libquantum,0,82,219
Dummy,NONE,False,0,0,0.0,462.libquantum,0,83,219
Dummy,NONE,False,0,0,0.0,462.libquantum,0,84,219
Dummy,NONE,False,0,0,0.0,462.libquantum,0,85,219
Dummy,NONE,False,0,0,0.0,462.libquantum,0,86,219
Dummy,NONE,False,0,0,0.0,462.libquantum,0,87,219
Dummy,NONE,False,0,0,0.0,462.libquantum,0,88,219
Dummy,NONE,False,0,0,0.0,462.libquantum,0,89,219
Dummy,NONE,False,0,0,0.0,462.libquantum,0,90,219
Dummy,NONE,False,0,0,0.0,462.libquantum,0,91,219
Dummy,NONE,False,0,0,0.0,462.libquantum,0,92,219
Dummy,NONE,False,0,0,0.0,462.libquantum,0,93,219
Dummy,NONE,False,0,0,0.0,462.libquantum,0,94,219
Dummy,NONE,False,0,0,0.0,462.libquantum,0,95,219
Dummy,NONE,False,0,0,0.0,462.libquantum,0,96,219
Dummy,NONE,False,0,0,0.0,462.libquantum,0,97,219
Dummy,NONE,False,0,0,0.0,462.libquantum,0,98,224
Dummy,NONE,False,0,0,0.0,462.libquantum,0,99,1474
Dummy,NONE,False,0,0,0.0,462.libquantum,0,100,1674
